1.402131438255310059e+00,1.420879602432250088e+00,1.245360851287840243e+00,1.366900324821470170e+00,1.344240307807919921e+00,1.189792037010189985e+00,8.546806573867801182e-01,8.555671572685240589e-01,9.257009625434878819e-01,9.468772411346439988e-01
-9.904375672340389736e-01,-1.041670441627499999e+00,-8.606834411621090419e-01,-8.423448204994200550e-01,-9.578928351402279384e-01,-1.026228189468380014e+00,-7.857900857925419480e-01,-8.204718828201290615e-01,-8.417784571647640712e-01,-6.626321077346800648e-01
2.404919862747189885e-01,2.541602551937099941e-01,2.790376842021939363e-01,1.895149648189539959e-01,1.961687058210369872e-01,2.330867201089860119e-01,2.664591372013089821e-01,2.856586277484889913e-01,2.358646243810650078e-01,1.927540153265000222e-01
-8.976867794990540661e-01,-9.281347990036009632e-01,-1.066149592399600055e+00,-8.767471909523009144e-01,-3.375190198421479937e-01,-1.815954744815830024e-01,-1.836259663105010154e-01,-4.369328022003169942e-01,-4.834921956062320780e-01,-6.181447505950929955e-01
3.342733979225159802e-01,2.351826876401900135e-01,1.585199087858200073e-01,2.018652111291889817e-01,2.144046425819400026e-01,2.409577071666720027e-01,3.607764840126039818e-01,2.559274435043339957e-01,2.517290711402889736e-01,1.451526284217830309e-01
3.586252927780149702e-01,3.621329069137570467e-01,1.779996454715729870e-01,1.686658412218089709e-01,1.326875090599059781e-01,-2.559012174606319912e-01,-2.879749536514279451e-01,-3.018674254417419989e-01,5.423120260238649681e-01,5.486291646957399681e-01
1.778897166252139783e+00,1.791219949722290039e+00,1.857373476028439940e+00,1.783806562423709829e+00,1.893965244293210004e+00,1.928243279457090287e+00,1.901642441749570089e+00,1.872158646583560015e+00,1.822517871856690119e+00,1.838728070259090019e+00
1.517164707183839889e+00,1.482213735580439895e+00,1.482170104980469860e+00,1.398648381233219995e+00,1.437176465988159846e+00,1.435420274734499957e+00,1.530134677886960004e+00,1.457566499710080121e+00,1.405209183692930131e+00,1.348706007003779961e+00
-4.887168109416960005e-01,-4.253405034542079299e-01,-2.684936523437500000e-01,-3.532475233078000154e-01,-3.862647414207460161e-01,-3.578569591045379639e-01,-3.026653230190279875e-01,-2.140399068593979992e-01,-3.235560357570649859e-01,-5.960545688867569664e-02
-9.529415369033810146e-01,-9.007946252822879307e-01,-7.331227064132690430e-01,-7.352082133293148525e-01,-8.446840643882750355e-01,-8.542936444282528408e-01,-9.907324314117428310e-01,-9.727901220321658604e-01,-1.043318986892699973e+00,-9.843015670776370518e-01
1.222170352935789905e+00,1.283747076988219993e+00,1.152885198593139870e+00,1.283219575881960006e+00,1.337367177009580077e+00,1.242281436920169790e+00,1.266826152801509897e+00,1.289381980895999869e+00,1.354357123374939853e+00,1.342472672462460048e+00
-4.012617170810700018e-01,-4.155499637126920387e-01,-6.208420991897579677e-01,-6.018943190574649327e-01,-5.734813809394839756e-01,-5.078348517417909935e-01,-3.812340795993799936e-01,-4.326072931289670631e-01,-4.681837260723110128e-01,-4.314846396446229693e-01
-9.594725370407100051e-01,-9.239369034767149769e-01,-9.551604986190799229e-01,-9.082412123680110305e-01,-8.042462468147281163e-01,-8.131007552146908290e-01,-8.420740365982058995e-01,-9.311694502830508702e-01,-9.042677879333499424e-01,-8.457150459289549671e-01
5.747108459472659581e-01,5.491098165512090512e-01,5.852736234664920323e-01,5.914563536643979713e-01,7.101826667785641201e-01,6.686241626739499733e-01,6.156975030899050072e-01,5.434153079986571155e-01,4.741052091121670808e-01,4.483161866664890360e-01
3.903496861457820266e-01,1.865531504154210041e-01,1.691248565912250035e-01,1.623906493186950128e-01,2.536575794219970148e-01,1.193748712539669937e-01,1.784658879041669810e-01,-5.046415701508519952e-02,1.181745342910289938e-02,6.414187699556349320e-02
-6.173776462674140236e-02,-7.489868253469469939e-02,-4.167268052697180314e-02,-1.673337370157239878e-01,-1.287699192762370159e-01,-4.321908205747599513e-02,-1.286802887916559945e-01,-1.127910092473030090e-01,-1.666264086961749824e-01,-1.786267310380939832e-01
-1.174061536788939986e+00,-1.159445166587830034e+00,-1.099450230598449929e+00,-1.143447756767270063e+00,-1.079789042472840022e+00,-8.416200280189509719e-01,-8.010758757591250889e-01,-6.633833050727838687e-01,-7.845664024353030674e-01,-9.192273616790770374e-01
-4.368509352207179397e-01,-4.473505616188049872e-01,-4.615337550640110087e-01,-4.215695858001710650e-01,-4.837119281291960005e-01,-5.393965840339659534e-01,-6.522132158279420056e-01,-5.487864017486571155e-01,-5.366483926773070179e-01,-4.151836037635800447e-01
1.321213126182559927e+00,1.319419264793399771e+00,8.807482719421390049e-01,9.086540937423709385e-01,8.678598403930659622e-01,8.398941159248348720e-01,8.219283223152159534e-01,8.444336652755740635e-01,9.428067803382870204e-01,9.555768370628360264e-01
-8.323777914047241211e-01,-7.863894701004029431e-01,-8.866739273071290173e-01,-8.983424305915829189e-01,-1.008276939392090066e+00,-9.765992760658259719e-01,-9.909439682960509144e-01,-9.861015081405640759e-01,-1.018548250198360039e+00,-1.153909087181090198e+00
1.732440888881680019e-01,1.462901234626770020e-01,-2.821995317935940134e-02,-1.642825305461880214e-01,-1.795838773250580112e-01,-1.163449138402940092e-01,-2.804600000381469727e-01,-1.093110069632530074e-01,-9.724209457635879517e-02,-1.107952445745469944e-01
4.486994445323939651e-01,4.525144100189210650e-01,3.354013264179230291e-01,5.618354678153989479e-01,4.772601425647740037e-01,4.907519817352289926e-01,5.419545173645020641e-01,4.103274047374729783e-01,4.801484942436219927e-01,5.604861974716189854e-01
1.145500063896179865e+00,1.098578214645389961e+00,9.806043505668640137e-01,8.481414914131160110e-01,5.896564722061159447e-01,7.135117650032040126e-01,6.848567128181460850e-01,6.325718760490419701e-01,9.159899353981021397e-01,9.934376478195190430e-01
-1.093008518218989922e+00,-1.086755394935609909e+00,-1.014745593070980112e+00,-7.182588577270508923e-01,-6.749936938285830967e-01,-3.260523378849030096e-01,-3.318378329277039684e-01,-3.118853271007539507e-01,-2.851832509040829744e-01,-3.688130676746370074e-01
6.925564408302310460e-01,6.355185508728029564e-01,7.648079991340640538e-01,5.647583007812500000e-01,7.363007664680479847e-01,6.056930422782900170e-01,6.329886317253110573e-01,5.092740058898929112e-01,5.399526953697199039e-01,6.142319440841669254e-01
-1.073146104812620072e+00,-1.169390797615050159e+00,-1.389235854148860083e+00,-1.420393347740170009e+00,-1.407378435134889694e+00,-1.481516957283020020e+00,-1.379378437995909978e+00,-1.363907575607300027e+00,-1.483237028121950019e+00,-1.490334510803219992e+00
1.707194685935969902e+00,1.729890942573550028e+00,1.838725328445429907e+00,1.712831616401669921e+00,1.735729813575739966e+00,1.884537696838379794e+00,1.704930067062379928e+00,1.714652538299559881e+00,1.600482344627379705e+00,1.617245554924010120e+00
1.651066184043879836e+00,1.619792342185969902e+00,1.800340294837949884e+00,1.736241698265080124e+00,1.908908963203429954e+00,1.881804347038269931e+00,1.797461509704590066e+00,1.663013696670530228e+00,1.594970226287840021e+00,1.732929706573489881e+00
1.536198139190670053e+00,1.482871890068049980e+00,1.484589576721189852e+00,1.328295946121220039e+00,1.371998667716979980e+00,1.333153367042539950e+00,1.307164192199709918e+00,1.171156167984009899e+00,9.623189568519591175e-01,9.533656835556030273e-01
-2.843328416347499776e-01,-3.316081762313839998e-01,-3.313344120979310192e-01,-3.352265954017639715e-01,-3.035840392112730268e-01,-1.643071025609969815e-01,-2.154963016510010043e-01,-2.888014912605289530e-01,-1.852458417415619729e-01,-3.133032917976379950e-01
-7.761784195899960048e-01,-7.534397840499879040e-01,-6.188771724700929955e-01,-5.358869433403020688e-01,-4.129562377929689720e-01,-3.904986977577210028e-01,-2.441693097352980180e-01,-2.882901132106779896e-01,-3.674744963645940055e-01,-2.564314007759090353e-01
-9.311220645904541016e-01,-9.597682356834408290e-01,-8.984717130661009632e-01,-9.156104922294620030e-01,-7.994111776351929821e-01,-8.309220075607299805e-01,-7.968624234199520595e-01,-8.317868113517757900e-01,-8.154383301734920986e-01,-9.227303266525269665e-01
-1.479630231857300027e+00,-1.260716438293459918e+00,-1.373449683189390091e+00,-1.336872458457949886e+00,-1.311466455459590064e+00,-1.467065572738649903e+00,-1.465462565422060104e+00,-1.499777913093570225e+00,-1.491251826286320137e+00,-1.422889113426210050e+00
-1.354313611984250043e+00,-1.353200316429139960e+00,-1.222189545631409802e+00,-1.256491541862490013e+00,-1.197329401969909890e+00,-1.399347662925719993e+00,-1.396577239036560059e+00,-1.340916275978089933e+00,-1.584772229194640003e+00,-1.354569435119629794e+00
3.265946805477139558e-01,3.398242294788360041e-01,4.444120228290560082e-01,4.210456311702729937e-01,3.481094241142270174e-01,2.697949111461639959e-01,2.358782142400739634e-01,3.317207396030429911e-01,2.397182434797289485e-01,2.200756072998049928e-01
-1.386602282524109997e+00,-1.216394186019899903e+00,-1.123272776603699841e+00,-1.069913148879999998e+00,-1.088867187500000000e+00,-1.087726712226870118e+00,-1.168716549873350052e+00,-1.176066875457759897e+00,-1.235811233520510033e+00,-1.247458100318909802e+00
1.971620880067349868e-02,-1.155041456222530016e-01,-2.412738800048830068e-01,-1.445663124322889848e-01,-1.833024919033049704e-01,-5.917329341173169915e-02,-2.891481854021549919e-02,-1.736044324934480146e-02,1.681838184595109975e-01,2.736356854438780073e-01
7.436310648918148525e-01,7.472737431526179641e-01,6.564262509346010521e-01,6.775038242340091221e-01,5.362654924392700195e-01,4.459971189498899702e-01,4.869201779365539551e-01,5.596210956573489659e-01,4.925452172756200064e-01,4.563935399055479292e-01
1.124545097351070000e+00,9.108572006225590378e-01,1.094099283218380014e+00,1.057938098907470037e+00,1.049146056175229935e+00,1.028041243553160067e+00,8.712593317031859241e-01,1.010613083839420057e+00,1.004639148712159979e+00,8.590486049652099609e-01
1.053033828735350008e+00,1.078564047813419968e+00,1.001393437385560192e+00,1.094446420669559883e+00,9.828833341598509632e-01,1.230645298957820044e+00,1.274218440055850055e+00,1.243492722511289950e+00,1.244384527206419788e+00,1.348507046699520151e+00
1.529082894325259900e+00,1.544340372085570179e+00,1.697039127349850185e+00,1.718244433403019800e+00,1.813969850540160023e+00,1.781149268150330256e+00,1.761803269386289950e+00,1.721608161926270197e+00,1.587336659431459962e+00,1.631536006927490012e+00
1.799161314964289993e+00,1.800287365913390003e+00,1.681104421615599920e+00,1.729733347892760120e+00,1.572224855422970080e+00,1.619373559951780228e+00,1.635126829147339977e+00,1.563506484031679911e+00,1.796388030052189722e+00,1.808820605278019800e+00
-6.186611205339429681e-02,-2.113000676035880002e-02,3.333846107125280206e-02,3.010644204914569855e-02,2.895176003221419723e-04,-2.481962181627750050e-02,-1.691156439483169904e-02,-6.670678034424780065e-03,3.673839196562769804e-02,8.912538737058639526e-02
-1.320389032363890047e+00,-1.138440608978269930e+00,-1.301889419555659844e+00,-1.233237743377689766e+00,-1.230026245117189942e+00,-1.259408354759220083e+00,-1.329962968826290171e+00,-1.373277306556699884e+00,-1.339298248291019844e+00,-1.170872449874879928e+00
-9.435924291610721104e-01,-8.376110196113589756e-01,-9.202837944030758388e-01,-1.118197321891780005e+00,-9.469162821769709915e-01,-1.004210352897640046e+00,-8.709875345230099208e-01,-7.805448770523070179e-01,-8.538501858711239345e-01,-7.027853131294250488e-01
-3.855917751789090242e-01,-5.574331283569339268e-01,-6.872250437736510120e-01,-7.750737071037289150e-01,-8.815177083015440784e-01,-7.950417399406429775e-01,-7.890020012855529785e-01,-7.429434061050419480e-01,-5.561648011207579456e-01,-5.065838098525999866e-01
9.471549391746519886e-01,9.326807260513308995e-01,7.464540600776669033e-01,8.034214377403259277e-01,1.005098581314089801e+00,9.408820867538448818e-01,9.471606016159058727e-01,1.048474907875059925e+00,7.688659429550170898e-01,8.110015988349910110e-01
1.410284042358399992e+00,1.439240932464600276e+00,1.670609235763550027e+00,1.664242386817930131e+00,1.695028781890870029e+00,1.640106797218320089e+00,1.550559520721439988e+00,1.589628815650939941e+00,1.539809346199040085e+00,1.559108972549440031e+00
-1.050038218498229980e+00,-1.135668754577639827e+00,-1.078414082527159978e+00,-1.036457300186160113e+00,-1.100014567375179997e+00,-1.015599608421329902e+00,-9.715077280998229980e-01,-8.973982334136959560e-01,-9.590991139411929600e-01,-9.280538558959959827e-01
1.821589112281799983e+00,1.841672182083129883e+00,1.877657651901249780e+00,1.831471681594850187e+00,1.814362049102779872e+00,1.817978024482729937e+00,1.784577488899230069e+00,1.849625229835510032e+00,1.860526442527770108e+00,1.898075580596920053e+00
-5.874061584472659581e-01,-5.256465077400209740e-01,-2.560079991817469924e-01,-2.180767059326169932e-01,-2.181698828935619838e-01,7.887492328882220183e-02,5.275077745318410005e-02,4.888290166854859786e-02,-9.634145349264139346e-02,-4.540863912552600343e-03
1.124174118041989967e+00,1.149894833564759855e+00,1.074068427085880018e+00,1.125261545181270195e+00,1.066853165626530098e+00,1.154984116554260032e+00,1.154914617538449928e+00,1.438735008239749869e+00,1.198949456214899900e+00,1.235557436943049980e+00
-9.522871971130369984e-01,-9.443178772926329456e-01,-1.053829312324520151e+00,-9.970454573631289952e-01,-9.756880402564999111e-01,-1.007608413696290173e+00,-9.865137934684750087e-01,-9.662265181541439540e-01,-9.590570330619808681e-01,-7.859641313552859776e-01
-5.323517322540279872e-01,-6.141031384468079724e-01,-6.931325793266299717e-01,-7.124089002609249599e-01,-7.069739699363709606e-01,-6.965740323066710316e-01,-8.740864992141720302e-01,-9.413526058197020374e-01,-8.665824532508850098e-01,-8.080253005027769886e-01
1.637840032577509986e+00,1.761087894439699930e+00,1.819528937339780050e+00,1.840741991996769800e+00,1.757630944252009941e+00,1.712493777275090112e+00,1.776036500930789908e+00,1.624371767044070047e+00,1.485245943069460006e+00,1.465596675872800070e+00
6.641309261322020374e-01,7.258049845695500046e-01,7.600275278091429554e-01,7.656436562538150303e-01,8.688669800758358486e-01,9.570640921592709072e-01,1.038353919982909934e+00,1.033326148986819959e+00,1.011490702629090022e+00,1.060541391372679998e+00
9.850329160690310393e-02,6.181078031659129751e-02,-4.767073690891270032e-02,-9.065990149974820222e-02,-2.892176508903499532e-01,-1.720031797885890057e-01,-1.325355917215350066e-01,-1.698354333639140179e-01,-1.171556040644649993e-01,-2.002550065517429978e-01
-1.019625306129459785e+00,-1.024412274360660069e+00,-1.069671392440800117e+00,-8.796489238739009231e-01,-8.784930706024169922e-01,-8.497292399406429775e-01,-7.930292487144470215e-01,-7.958809733390809216e-01,-8.619123101234440476e-01,-9.642608761787410110e-01
-2.578353583812710292e-01,-3.777163624763490435e-01,-4.988510906696320135e-01,-5.612274408340450771e-01,-5.707677602767938785e-01,-4.950487613677980181e-01,-6.597891449928280361e-01,-7.011432647705079235e-01,-7.437193989753719814e-01,-8.733023405075069912e-01
-1.600315809249879928e+00,-1.543533205986020063e+00,-1.465663552284240057e+00,-1.462549328804019888e+00,-1.545290231704709916e+00,-1.553122758865359998e+00,-1.635661602020260119e+00,-1.671925663948059970e+00,-1.695083618164060058e+00,-1.712811946868899815e+00
5.219926834106450864e-01,6.282175779342650257e-01,3.261644840240480181e-01,4.056764543056489702e-01,1.443931013345719772e-01,2.362632602453229869e-01,4.120885431766510010e-01,5.279530882835389294e-01,5.502619743347170189e-01,4.417077898979189787e-01
-2.630009353160860375e-01,-2.871127128601070333e-01,-2.842900753021239679e-01,-3.075850307941439543e-01,-2.894701361656189520e-01,-3.542020022869110107e-01,-2.787957191467290152e-01,-3.197617530822750020e-01,-2.557811141014099676e-01,-3.152129650115969572e-01
5.992722511291500576e-01,6.014545559883119896e-01,1.779996454715729870e-01,1.686658412218089709e-01,1.326875090599059781e-01,1.093638911843300005e-01,8.199279755353930388e-02,8.023292571306230025e-02,5.423120260238649681e-01,5.486291646957399681e-01
1.940345644950870030e+00,1.919577956199649771e+00,2.050772666931150123e+00,2.184735536575320047e+00,2.151032447814940074e+00,2.161466121673579988e+00,2.225086927413939986e+00,1.982071280479430042e+00,1.793463826179499954e+00,1.583754062652589889e+00
-2.050093263387680054e-01,-1.976009905338289852e-01,-4.083113670349120539e-01,-3.990700542926789995e-01,-5.209410786628719814e-01,-4.350018799304960493e-01,-4.417331218719480201e-01,-4.826043546199800249e-01,-4.817273914814000357e-01,-5.219587683677670009e-01
3.538157045841219817e-01,3.696329891681670587e-01,2.765753567218779962e-01,2.526950836181640070e-01,2.483356148004529917e-01,3.117825388908390116e-01,4.991205632686619986e-01,5.627743601799010120e-01,3.734285235404969927e-01,5.020043849945069470e-01
-9.464836716651919835e-01,-9.407095909118649013e-01,-1.082755565643310103e+00,-1.184680700302120249e+00,-1.248943209648129882e+00,-1.335303068161010076e+00,-1.284545063972470036e+00,-1.291273474693299894e+00,-1.238207101821899858e+00,-1.318740487098690073e+00
9.820621609687808506e-01,8.999463915824890137e-01,7.479462623596190296e-01,7.620455622673030227e-01,5.996866822242739037e-01,6.478179693222049229e-01,5.730882883071899414e-01,6.015906929969789818e-01,4.816397130489349920e-01,4.961757659912109930e-01
-2.218529134988780349e-01,-1.232658773660659929e-01,-8.358750492334371049e-03,-1.410899609327319892e-01,-2.160692960023880005e-02,4.174200072884560325e-02,-9.807486087083819998e-03,4.104074090719220247e-02,2.288161814212799905e-01,2.981620430946350098e-01
-4.808856248855589155e-01,-4.780947864055629659e-01,-4.750764369964600164e-01,-4.056773185729979914e-01,-3.007585108280180219e-01,-2.408209443092349800e-01,-2.124538421630860208e-01,-1.379455775022510045e-01,-1.142477765679359852e-01,-7.879507541656489977e-02
1.563885331153870295e+00,1.574061632156370072e+00,1.758731842041020066e+00,1.813976287841800206e+00,1.737876176834109998e+00,1.583136081695559971e+00,1.626639246940610128e+00,1.600419521331789996e+00,1.477955937385559970e+00,1.562218427658080167e+00
-1.426018595695500046e+00,-1.490508675575259900e+00,-1.457488894462590112e+00,-1.314355254173279919e+00,-1.234145045280459874e+00,-1.200613856315610128e+00,-1.378224253654479980e+00,-1.425855398178099920e+00,-1.467172861099239833e+00,-1.622264027595520020e+00
-1.140616536140439896e+00,-1.129338264465330033e+00,-1.133842706680300072e+00,-1.127435922622679998e+00,-9.791186451911929600e-01,-1.090114831924440031e+00,-1.046397566795350009e+00,-1.079715371131899859e+00,-1.320956110954280005e+00,-1.112153887748719816e+00
1.113124132156370072e+00,1.132940769195559971e+00,1.212894320487979849e+00,1.269204735755919966e+00,1.273493885993959962e+00,1.430084705352779872e+00,1.414281606674189895e+00,1.371400594711300158e+00,1.452088832855219946e+00,1.534735679626460181e+00
1.171133399009699927e+00,1.159380078315729978e+00,1.211220502853389780e+00,1.268068671226499911e+00,1.309297204017639826e+00,1.269721746444699928e+00,1.244971275329590066e+00,1.279374122619630016e+00,1.244817733764649992e+00,1.209037542343139870e+00
7.445783019065860264e-01,7.789381146430970349e-01,6.380656957626340553e-01,7.246485352516170986e-01,7.069174647331241124e-01,7.020709514617919922e-01,7.244538664817808948e-01,9.532097578048709385e-01,5.030733346939090245e-01,5.451582074165339797e-01
1.765407025814060005e-01,1.844926029443740012e-01,7.360762357711790604e-02,3.176181390881539779e-02,1.064887493848800104e-01,7.594710588455200195e-02,1.404079794883729970e-01,9.842649102210999923e-02,5.657403543591500023e-02,1.958094388246539863e-01
2.309721112251280351e-01,1.655769795179369841e-01,9.913120418786998400e-02,1.129068210721019816e-01,7.804347574710850111e-02,9.433338791131970491e-02,4.300905391573910108e-02,4.632957652211189964e-02,2.673186063766480047e-01,1.506723761558529939e-01
1.137580633163449928e+00,1.108954787254330165e+00,1.137973308563229979e+00,1.213250398635860039e+00,1.424855232238770197e+00,1.371847867965700019e+00,1.341675519943239969e+00,1.325354814529420056e+00,1.357471346855160022e+00,1.375934958457950108e+00
-3.905800282955170233e-01,-3.752828538417820603e-01,-2.391255646944050184e-01,-7.435353100299839368e-02,-1.517352610826490367e-01,1.678708195686340054e-01,1.057432517409319928e-01,1.188977733254430041e-01,1.202864125370980003e-01,8.986889570951460404e-02
-3.174587488174439587e-01,-3.262158930301670146e-01,-3.483956754207609419e-01,-3.502000272274019554e-01,-3.481137454509740103e-01,-2.640819549560549651e-01,-2.551575899124149949e-01,-3.254612386226650167e-01,-5.020133852958680309e-01,-4.454348087310789350e-01
-3.446078598499299761e-01,-3.258281052112579901e-01,-4.501904249191279739e-01,-5.149616003036500134e-01,-3.664657473564149615e-01,-3.593773245811460182e-01,-3.513358533382420212e-01,-3.481613397598269377e-01,-4.015755653381349877e-01,-5.776351094245910645e-01
-3.551433682441709760e-01,-3.524351418018339399e-01,-4.398808181285859820e-01,-5.316407680511470168e-01,-4.750727713108060524e-01,-5.033885240554810681e-01,-4.993231594562529962e-01,-5.716304779052728824e-01,-6.180002689361570045e-01,-6.442334651947020374e-01
-1.326097369194030096e+00,-1.350589394569399859e+00,-9.308410286903380237e-01,-8.840470910072329991e-01,-8.468152880668640137e-01,-8.374728560447689540e-01,-7.810556888580318935e-01,-5.816380381584169701e-01,-5.171616077423100144e-01,-4.826421439647670120e-01
8.653910756111149460e-01,9.886119961738589756e-01,1.134037017822269844e+00,1.108966827392580123e+00,1.110880136489870162e+00,1.103047251701350095e+00,1.101032257080080123e+00,1.068105816841129929e+00,1.035592079162600099e+00,1.099525570869450020e+00
-1.372055411338809761e-01,-8.078176528215409713e-02,-2.954290807247160200e-01,-3.459742665290830299e-01,-4.049223065376280073e-01,-3.612182140350340132e-01,-4.391396045684810012e-01,-5.098304748535159581e-01,-7.503176331520079456e-01,-8.827787041664120204e-01
-5.409542918205260120e-01,-3.757719099521639738e-01,-4.441609978675840065e-01,-4.436692595481870338e-01,-4.494529366493230094e-01,-3.675997853279109884e-01,-5.403810143470759719e-01,-5.896726846694949620e-01,-6.512298583984380551e-01,-7.372281551361079543e-01
1.117751121520999869e+00,1.147009253501889869e+00,1.188768386840820090e+00,1.272503018379209871e+00,1.132786035537719949e+00,1.154124021530149813e+00,1.100566148757929907e+00,1.155692458152769886e+00,1.090660095214839975e+00,1.276888251304629796e+00
1.759886026382449842e+00,1.770977258682250088e+00,1.625041127204899682e+00,1.653239250183110132e+00,1.718979716300959915e+00,1.689293742179869939e+00,1.756064295768739791e+00,1.698431134223939987e+00,1.847934842109679954e+00,1.915203332901000088e+00
1.010626792907709959e+00,1.037102937698360039e+00,1.166745305061340110e+00,1.084394812583920009e+00,1.076778888702390136e+00,1.152490377426149903e+00,1.140990018844600273e+00,1.191028714179990011e+00,1.190822362899780051e+00,1.223477721214290215e+00
1.349059939384459783e+00,1.339520335197449841e+00,1.726156353950499822e+00,1.767573833465579947e+00,1.778411030769350143e+00,1.754913568496699883e+00,1.611230015754699929e+00,1.625593304634090019e+00,1.742964506149289994e+00,1.778137803077699752e+00
-1.108536571264269882e-01,-9.105574339628219604e-02,-2.791599743068219966e-02,-8.145169913768769698e-02,-1.455509811639789930e-01,-1.438234746456149848e-01,-2.462153583765030185e-01,-1.410412341356280241e-01,-3.500561788678169944e-02,-1.217267587780950094e-01
-1.159305498003960072e-01,-8.576780557632450452e-02,1.486966852098699915e-02,-6.467667967081069946e-02,-1.236999407410619978e-01,-3.484268486499789846e-02,-2.072332054376600438e-02,-3.552157059311870230e-02,2.466966165229679889e-03,1.390404254198070004e-02
-5.760995745658871181e-01,-6.591401100158690296e-01,-7.167649865150450550e-01,-7.892590165138241298e-01,-7.251307964324950062e-01,-7.210315465927120693e-01,-7.706114053726199620e-01,-7.721002101898190029e-01,-7.951076030731200062e-01,-8.200823664665218837e-01
4.187431931495670390e-01,4.181551933288570333e-01,3.594382107257840242e-01,2.902739942073820356e-01,2.077576369047160199e-01,1.943187564611430218e-01,9.573628008365629716e-02,3.045589663088319951e-02,2.554335398599510195e-03,-2.307237833738330079e-01
-1.058615326881410024e+00,-1.114945292472840022e+00,-1.003489851951600009e+00,-1.162255883216860131e+00,-9.904904961585999645e-01,-1.071335196495059927e+00,-1.220025897026060013e+00,-1.117731690406799983e+00,-1.105991482734679954e+00,-1.106536507606510122e+00
2.641064226627349854e-01,2.473198920488360042e-01,4.216861724853520621e-01,3.735147714614870385e-01,3.920851051807399679e-01,4.544073045253749776e-01,5.244234204292299584e-01,4.523115158081049691e-01,4.482571482658390116e-01,4.167248904705049828e-01
-4.270464479923249956e-01,-5.193403363227839797e-01,-6.338414549827579014e-01,-6.135011911392210804e-01,-6.287530064582819156e-01,-6.006463170051569156e-01,-5.852904319763180263e-01,-6.081915497779849522e-01,-6.589756608009339489e-01,-6.216479539871221371e-01
1.321319699287409888e+00,1.290717720985409933e+00,1.078362703323360039e+00,1.164396166801449972e+00,1.153371334075929955e+00,1.280290246009829991e+00,1.335242867469790040e+00,9.538922905921940476e-01,1.222333431243899815e+00,8.137232065200808995e-01
-1.834657430648800158e+00,-1.500042915344240058e+00,-1.397878289222719950e+00,-1.236482620239260033e+00,-8.745363950729370117e-01,-8.353273868560791016e-01,-7.490451931953430176e-01,-7.543036341667179734e-01,-6.183401346206670590e-01,-1.130902171134949841e+00
3.441467508673669989e-02,9.356749802827840634e-02,1.750642657279969649e-01,2.414986193180080065e-01,2.439207285642619738e-01,3.362994194030760053e-01,4.029720723629000023e-01,4.088473916053770307e-01,4.378798305988310102e-01,4.306207895278928999e-01
-2.164070606231689731e-01,-3.326164186000820089e-01,-2.776156961917879973e-01,-3.499608039855959807e-01,-8.320751786231990466e-02,-1.108415722846980145e-01,4.096790403127670288e-02,4.072448983788490295e-02,-6.089560687541960282e-02,-2.085668146610260010e-01
-4.657754600048070182e-01,-4.175194501876829389e-01,-4.358688890933989923e-01,-5.428031086921690784e-01,-7.388666272163391113e-01,-7.553672194480899327e-01,-7.808511853218079724e-01,-7.623432874679569871e-01,-7.556294798851009853e-01,-7.782858610153199352e-01
-6.523228287696839489e-01,-6.711950302124020107e-01,-8.326439261436459072e-01,-8.914174437522891514e-01,-7.789388895034790039e-01,-8.046843409538270153e-01,-8.485104441642757900e-01,-8.091811537742610305e-01,-8.759937286376949794e-01,-1.055223941802980070e+00
9.316183328628540039e-01,8.928849101066590466e-01,1.196946620941159889e+00,1.146081328392029919e+00,1.103477597236629970e+00,1.059189915657040126e+00,1.051221728324889915e+00,1.023860454559329947e+00,1.190632104873659891e+00,1.167199850082399903e+00
4.771699607372279495e-01,5.678082108497620739e-01,7.992312908172610753e-01,7.163912057876590245e-01,6.723869442939761631e-01,6.815517544746400036e-01,5.846026539802550159e-01,5.573414564132690430e-01,6.784030795097349964e-01,7.223896384239200108e-01
1.559789776802059935e-01,1.642721742391589912e-01,7.661658525466920333e-02,6.020382419228550303e-02,2.623339416459200164e-03,-1.031856462359430071e-01,1.106983888894320055e-02,1.527583226561549969e-02,2.586708031594750143e-02,-4.640299361199139681e-03
-6.092498898506159000e-01,-5.828433632850649193e-01,-7.438073158264159046e-01,-7.598636150360110753e-01,-7.105597853660580165e-01,-7.103902101516720302e-01,-6.665443181991579369e-01,-7.076898217201229579e-01,-7.820202708244320400e-01,-7.455136179924007900e-01
-7.230694293975830078e-01,-6.817693710327149548e-01,-8.376227617263790615e-01,-8.667514920234680176e-01,-9.317137002944949620e-01,-9.017081260681149013e-01,-8.642044663429259144e-01,-9.254238009452819824e-01,-1.009439349174499956e+00,-9.326378107070919521e-01
-3.100522458553310323e-01,-3.080520033836359750e-01,-4.088920652866359640e-01,-4.009625911712650370e-01,-5.183207392692570359e-01,-6.801552176475520461e-01,-7.136780023574829102e-01,-6.977322101593020909e-01,-6.640499830245970569e-01,-8.358814716339107997e-01
1.745505094528200019e+00,1.760917544364929865e+00,1.763125300407409890e+00,1.794146418571470170e+00,1.973211288452149992e+00,2.045453310012820047e+00,2.018602609634399858e+00,1.859692931175229935e+00,1.758723020553589977e+00,1.752583384513850318e+00
1.539739251136780007e+00,1.657411098480219946e+00,1.640582203865050159e+00,1.602116465568540038e+00,1.694849610328669876e+00,1.811427235603330077e+00,1.789726734161379840e+00,1.802645683288570000e+00,1.703167438507080078e+00,1.635414123535159803e+00
-8.051446676254269130e-01,-8.581539392471310146e-01,-8.477877378463749558e-01,-8.100005984306339890e-01,-7.740831971168521397e-01,-7.228339910507198818e-01,-7.459610104560848720e-01,-7.113730311393741124e-01,-7.029573321342471592e-01,-6.166856884956359863e-01
-1.187861442565919967e+00,-1.375983119010929956e+00,-1.238886594772339977e+00,-1.226010322570800115e+00,-3.891682922840120074e-01,-1.098769068717959874e+00,-1.449897140264509721e-01,-3.534790128469469939e-02,1.091192141175269942e-01,3.896236717700959917e-01
1.844799160957339978e+00,1.819136857986449973e+00,1.943838000297549939e+00,1.915781259536739833e+00,2.035355329513550249e+00,2.086640596389770064e+00,2.005663156509399858e+00,1.879528522491459741e+00,1.882912635803219992e+00,1.808165311813350051e+00
4.667392671108250291e-01,4.712019264698030230e-01,6.884676218032840245e-01,5.704523921012879528e-01,6.067348718643189587e-01,4.188614487648010254e-01,1.713167428970339967e-01,2.904349863529210318e-01,4.589400887489320513e-01,3.297936618328089486e-01
-7.222334742546078212e-01,-7.050049901008609288e-01,-6.885409355163570888e-01,-6.293288469314580746e-01,-6.481222510337829590e-01,-5.963684916496279076e-01,-6.412573456764220081e-01,-6.598012447357179955e-01,-7.325776815414429821e-01,-7.316069006919859730e-01
4.685249626636510123e-01,4.475974440574650437e-01,4.769869148731230024e-01,4.607516825199129418e-01,4.773561358451839376e-01,4.370371997356409799e-01,3.952845335006709981e-01,3.928611576557159979e-01,3.347892463207239877e-01,1.926298141479489689e-01
4.366423189640050162e-01,4.063016772270200416e-01,4.742482304573060747e-01,4.525175690650939941e-01,4.780160188674929533e-01,3.631774783134460449e-01,4.533190727233889494e-01,5.319072604179380104e-01,4.855637550354000020e-01,8.262604475021359529e-02
4.050460085272789695e-02,2.314756810665129921e-02,7.730352878570559416e-02,7.075752317905430189e-02,1.228436753153799993e-01,1.407304257154460003e-01,4.082196950912479749e-02,1.145781576633450038e-01,1.277257353067400014e-01,7.646288722753520617e-02
9.963957667350770153e-01,1.052614569663999911e+00,1.063315391540530008e+00,9.657303094863890491e-01,9.149599075317379482e-01,8.152372241020199306e-01,8.826847672462460048e-01,1.021948099136350097e+00,8.611599206924441807e-01,8.400235772132870204e-01
9.148668050765991211e-01,8.474720120429989345e-01,8.903970122337340198e-01,9.814490675926209606e-01,9.463096261024479539e-01,8.679364323616031163e-01,9.443567395210269444e-01,7.301152348518370472e-01,7.945549488067630284e-01,8.316993713378909581e-01
8.213729858398440831e-01,7.983013391494749866e-01,7.459333539009090908e-01,9.525358080863949306e-01,8.408007025718690075e-01,9.067912101745608799e-01,8.834672570228579991e-01,9.679996371269229405e-01,8.345711827278140538e-01,7.360700368881228917e-01
-2.612826526165010210e-01,-2.472961395978930110e-01,-2.053423374891280295e-01,-1.881187856197360231e-01,-2.198864221572880140e-01,-2.332663834095000110e-01,-7.728238403797149658e-02,-1.234825029969220112e-01,-1.253131031990049882e-01,-2.076879292726519777e-01
7.257204502820970016e-02,1.192056164145470082e-01,2.057785987853999743e-01,9.911534190177920256e-02,6.060327589511869950e-02,2.075350284576419832e-02,1.684526354074479884e-02,3.168847039341930044e-02,7.804977148771290174e-02,-2.457573264837269872e-02
7.958379983901980870e-01,7.412803173065189988e-01,5.696215629577640049e-01,6.744604110717770107e-01,6.922616362571719639e-01,4.163107573986049581e-01,5.968003869056700550e-01,6.774647235870360218e-01,8.527498841285708897e-01,8.634547591209408290e-01
5.645331144332889073e-01,6.344147324562070533e-01,6.008053421974179908e-01,5.814165472984310634e-01,5.754961967468260609e-01,4.452943205833440055e-01,4.170612692832949553e-01,4.592401683330539774e-01,3.604239523410799895e-01,3.090203702449799694e-01
-3.468648791313169721e-01,-3.574762940406799872e-01,-4.025165438652040240e-01,-5.599523186683649234e-01,-4.327214956283571001e-01,-5.101217627525329590e-01,-5.483516454696660825e-01,-4.640954732894899681e-01,-4.680224955081939697e-01,-5.298221111297609642e-01
-1.260877400636669921e-01,-3.015689365565779947e-02,1.855633258819580078e-01,1.636952012777329879e-01,2.194439060986039941e-02,9.766992926597599378e-02,4.705980047583580017e-02,1.364691765047610023e-03,1.268839836120609979e-02,7.098415493965150314e-02
9.908751398324970594e-02,7.968883961439129915e-02,-6.104905158281329763e-03,2.144405804574489940e-02,7.529820501804350419e-02,-2.783501055091619925e-03,-7.776278257369999281e-02,-7.036332041025160355e-02,2.634330093860630106e-01,3.357099890708919454e-01
-1.477985501289370118e+00,-1.463778138160710007e+00,-1.445106983184810012e+00,-1.481336951255800116e+00,-1.476610064506530096e+00,-1.566030144691469950e+00,-1.623674988746639736e+00,-1.652928829193119897e+00,-1.553981900215149814e+00,-1.465404272079469772e+00
-1.091422811150549871e-01,-7.322594523429870605e-02,-2.620881795883179821e-01,-2.064009904861449918e-01,-2.005201429128649904e-01,-1.785978972911830276e-01,-1.389308869838709881e-01,-1.633307933807369994e-01,-2.810659706592560370e-01,-3.120541274547579680e-01
1.957902073860170011e+00,1.960108399391169876e+00,2.226360082626339665e+00,2.255347013473509854e+00,2.177772998809810012e+00,2.113010406494140181e+00,2.125360012054440251e+00,2.160112857818600407e+00,2.212867259979250267e+00,2.231044054031369850e+00
-1.044333338737490013e+00,-1.110217571258540037e+00,-1.100647211074830212e+00,-9.642247557640079014e-01,-9.708261489868159622e-01,-8.093532919883729138e-01,-8.543010950088499866e-01,-8.461452126502990723e-01,-8.471407890319820888e-01,-8.631442189216609329e-01
-7.105731368064879261e-01,-7.205845117568969727e-01,-8.228319883346558727e-01,-9.081384539604190342e-01,-9.389410018920899548e-01,-9.348624348640440784e-01,-9.037578105926509231e-01,-9.005489349365229934e-01,-8.883104920387271397e-01,-9.649022221565249913e-01
2.283483296632769777e-01,2.272055745124819948e-01,2.222132384777069924e-01,8.475085347890849718e-02,-3.998102247714999807e-02,-1.544224172830580277e-01,-3.857586532831189848e-03,-2.117298170924189829e-02,-7.010542601346969604e-02,-3.440922498703000154e-01
-7.032625377178189363e-02,-6.262470036745070023e-02,1.814341694116589909e-01,1.513958573341369906e-01,3.426121920347210276e-02,-3.249415755271910233e-02,1.111531853675840065e-01,1.117724999785419948e-01,9.485510736703869905e-02,5.212402343750000000e-02
1.040906667709349920e+00,9.277803897857670457e-01,8.854517936706539638e-01,7.844594717025760167e-01,8.854789733886719860e-01,8.218693137168879836e-01,8.067571520805358887e-01,1.005047917366030052e+00,7.857186198234559216e-01,8.742350339889529698e-01
6.254753470420839623e-01,6.249603629112240322e-01,6.577702760696410023e-01,6.222565174102779872e-01,6.365550756454469994e-01,5.762065649032590553e-01,6.521558761596679688e-01,1.007107973098749998e+00,9.238605499267579235e-01,8.342695236206050247e-01
1.900038838386540085e+00,1.895466685295100318e+00,1.805163264274600055e+00,1.810170888900760167e+00,1.851178288459779830e+00,1.796406507492070093e+00,1.831447601318360041e+00,1.800264716148379796e+00,1.687518954277040129e+00,1.752570986747739923e+00
-3.034695982933039438e-01,-1.475639194250109865e-01,-2.208566814661030164e-01,-2.411615848541260043e-01,-2.525165677070619896e-01,-2.444963157176970048e-01,-4.916508197784419942e-01,-5.116141438484190784e-01,-4.734016954898829788e-01,-5.826279520988461025e-01
-1.312800496816639850e-01,-1.101320162415500015e-01,-2.684547603130340021e-01,1.506318151950840067e-01,-8.085761964321140638e-02,2.469080686569210051e-02,3.140997514128689855e-02,4.249984025955200195e-02,3.689528256654740074e-02,1.967368833720679888e-02
-1.069833874702449839e+00,-1.005923748016359864e+00,-1.162166953086850141e+00,-1.201197504997250087e+00,-1.171274185180659844e+00,-1.211906075477600098e+00,-1.111339926719669746e+00,-1.107251405715939940e+00,-1.109265923500059925e+00,-1.154978990554810014e+00
-8.554006814956669480e-01,-9.409259557724000134e-01,-8.451882004737850673e-01,-8.434388041496280186e-01,-8.243682980537410110e-01,-8.173403739929200329e-01,-6.893340945243839890e-01,-7.277517914772030361e-01,-6.487584114074710362e-01,-6.332851648330689587e-01
1.372242122888569782e-01,1.306396573781969939e-01,1.748064756393430119e-01,2.104933708906170098e-01,6.231852620840069856e-02,2.111680433154109957e-02,-3.272683173418049901e-02,-1.136989146471019917e-02,7.661680877208709717e-02,9.413896501064300537e-02
-1.023702502250670054e+00,-9.914817810058590419e-01,-9.057182669639590733e-01,-9.812594652175899990e-01,-9.885674118995669835e-01,-7.395736575126651280e-01,-7.949497103691099964e-01,-7.758255004882809169e-01,-7.658791542053219326e-01,-7.867496013641360753e-01
-6.450140476226809971e-01,-6.558305621147161313e-01,-4.276115894317629174e-01,-4.209689199924470659e-01,-4.200992584228520621e-01,-3.959000110626220148e-01,-3.369464576244349807e-01,-3.014070987701419901e-01,-3.426133096218110796e-01,-2.789262533187870097e-01
-2.425974309444429988e-01,-2.854456305503850211e-01,-3.395064771175380081e-01,-3.699460327625270217e-01,-4.436825215816500023e-01,-3.471581637859339486e-01,-4.816659092903139427e-01,-3.718707859516139913e-01,-2.886270880699160490e-01,-3.885202109813689630e-01
4.509815871715550095e-01,4.630303084850309614e-01,4.325018227100370649e-01,2.887549996376040373e-01,2.032766938209530083e-01,5.746747553348539872e-02,2.857081405818459943e-02,-3.839990589767689703e-03,-1.002847682684659958e-02,-8.191213011741639571e-02
-4.101421236991880104e-01,-3.532738685607910156e-01,-3.632702827453610506e-01,-4.090963602066040039e-01,-4.727497696876529765e-01,-5.939875245094300427e-01,-6.274306774139398746e-01,-6.523892879486078433e-01,-6.738675236701969773e-01,-6.268174052238461025e-01
-2.623737454414369896e-01,-2.764720320701599676e-01,-2.566494047641750265e-01,-3.003354668617249645e-01,-2.618739902973180045e-01,-2.470009177923200017e-01,-2.734952270984650213e-01,-4.009873569011689898e-01,-4.681688547134399969e-01,-4.768847227096559838e-01
-5.546832084655760609e-01,-5.856124162673950195e-01,-5.867762565612789638e-01,-5.989438891410829857e-01,-4.002046585083010033e-01,-2.667490243911739833e-01,-2.442203313112260021e-01,-2.026339471340180276e-01,-2.521032989025119853e-01,-2.781634330749510053e-01
5.990890860557559483e-01,7.158008217811580032e-01,7.237105965614319958e-01,6.010993719100949928e-01,6.901617646217349522e-01,6.553599238395689808e-01,6.323407888412478917e-01,6.221463084220889561e-01,6.977731585502621181e-01,7.225624918937679775e-01
1.294393897056580034e+00,1.260388612747189940e+00,1.276289463043210004e+00,1.251636505126950016e+00,1.493848562240599920e+00,1.626133799552919923e+00,1.619344234466550070e+00,1.343763589859009899e+00,1.247849345207210137e+00,1.451740860939030098e+00
-1.579983472824100010e+00,-1.603982806205750178e+00,-1.729825615882870204e+00,-1.663137793540949927e+00,-1.627996325492859997e+00,-1.281056523323060192e+00,-1.106446623802189944e+00,-1.030110120773319871e+00,-9.774744510650630325e-01,-5.812336206436159447e-01
-6.766297221183780186e-01,-6.525174975395200416e-01,-6.020582318305970349e-01,-4.880627691745759722e-01,-4.829040169715879682e-01,-4.160930216312410113e-01,-3.608650267124179911e-01,-3.649871051311490144e-01,-2.236971259117130073e-01,-3.981718719005579721e-01
-7.449237108230590820e-01,-5.371551513671880551e-01,-3.250823020935060259e-01,-3.430011868476869896e-01,-3.029866516590119518e-01,-3.194785416126250110e-01,-4.586434960365300406e-01,-4.505246579647059768e-01,-4.018476307392120361e-01,-1.227650791406630221e-01
-3.554577231407170523e-01,-2.726734578609469883e-01,-2.073126584291460350e-01,-7.243710756301879883e-02,-1.199808120727540034e-01,-6.394373625516890092e-02,-8.331089466810230604e-02,-2.057185918092730159e-01,-1.545827239751819959e-01,-1.668093502521510174e-01
-4.048392921686169710e-02,-4.091031104326250251e-02,-1.619535088539119927e-01,-3.008788228034970369e-01,-2.039818614721300161e-01,-1.369851529598239970e-01,-3.242257833480839957e-01,-3.748608529567720171e-01,-3.039906919002530183e-01,-2.725190222263340067e-01
3.986616730690000221e-01,3.804824650287629839e-01,2.308337241411209939e-01,2.243086546659469882e-01,1.300600618124010122e-01,1.528840810060499711e-01,-2.822712808847430144e-02,2.302944287657740161e-02,3.506098315119739878e-02,-7.314752787351609664e-02
-4.440797865390779253e-01,-4.947229325771330122e-01,-5.339048504829410069e-01,-4.763238430023189474e-01,-5.293805599212649815e-01,-4.998624324798579543e-01,-5.107642412185670056e-01,-5.947659015655519799e-01,-6.705644726753229312e-01,-5.528726577758790173e-01
-1.871890544891360086e+00,-1.854898691177370162e+00,-1.892657995223999912e+00,-1.631751179695130061e+00,-1.684895873069759853e+00,-1.564137339591979980e+00,-1.509489417076110174e+00,-1.468613386154170142e+00,-1.416231632232669790e+00,-1.372497320175170010e+00
