Series Name,Series Code,Country Name,Country Code,1990 [YR1990],2000 [YR2000],2012 [YR2012],2013 [YR2013],2014 [YR2014],2015 [YR2015],2016 [YR2016],2017 [YR2017],2018 [YR2018],2019 [YR2019],2020 [YR2020],2021 [YR2021]
Exports of goods and services (current US$),NE.EXP.GNFS.CD,Afghanistan,AFG,..,..,..,..,..,..,..,..,..,..,..,..
Exports of goods and services (current US$),NE.EXP.GNFS.CD,Albania,ALB,312500000,700083398.144547,3565049424.96224,3694412184.43974,3732057451.6496,3104896964.71229,3437126527.98196,4110290931.98992,4785177777.03696,4821430704.1915,3435536125.17257,5590528223.53168
Exports of goods and services (current US$),NE.EXP.GNFS.CD,Algeria,DZA,14546469695.7857,23050163566.7382,77123007377.2183,69659422389.7672,65185667481.6019,38460350139.138,33403107185.3776,38496751462.0674,45233966128.5592,39014323824.3337,25109483754.1254,43343767861.8496
Exports of goods and services (current US$),NE.EXP.GNFS.CD,American Samoa,ASM,..,..,483000000,458000000,429000000,428000000,429000000,362000000,436000000,399000000,426000000,334000000
Exports of goods and services (current US$),NE.EXP.GNFS.CD,Andorra,AND,..,..,..,..,..,..,..,..,..,..,..,..
Exports of goods and services (current US$),NE.EXP.GNFS.CD,Angola,AGO,..,8187952996.90344,69924162329.6285,67697415578.9142,61341442498.8622,25951752164.8067,14017381688.2126,20004932389.8365,31767752271.8422,28271709349.1708,19110949393.407,29843731084.8329
Exports of goods and services (current US$),NE.EXP.GNFS.CD,Antigua and Barbuda,ATG,..,814814814.814815,948148148.148148,952148148.148148,1027296296.2963,1016370370.37037,1043111111.11111,994427259.259259,1036233333.33333,1196203185.18519,598873555.555555,..
Exports of goods and services (current US$),NE.EXP.GNFS.CD,Argentina,ARG,14643450361.4013,31223690400,88655850853.7721,80690471898.442,75818867911.0825,63671789068.8987,69842486095.8653,72860588696.2874,75766577038.619,80259469133.6486,64041594762.912,87867694033.2054
Exports of goods and services (current US$),NE.EXP.GNFS.CD,Armenia,ARM,789960888.143741,423629630.453398,2926876972.55105,3153323143.543,3315721203.94365,3137020909.22235,3558717362.88217,4405338828.34724,4907543853.58308,5631686117.72708,3762799613.66756,4898064989.97558
Exports of goods and services (current US$),NE.EXP.GNFS.CD,Aruba,ABW,..,1393854748.60335,1911731843.57542,2088268156.42458,2184357541.89944,2158659217.87709,2143016759.77654,2243575418.99441,2363128491.62011,2460174357.5419,1347955008.01117,2154231632.83799
Exports of goods and services (current US$),NE.EXP.GNFS.CD,Australia,AUS,47071950750.2886,80697104816.9315,332571664260.672,315050784856.879,309598824933.444,271042516016.308,232526568641.724,281635115770.42,312415316642.121,336244457159.205,318566161683.872,342753936860.96
Exports of goods and services (current US$),NE.EXP.GNFS.CD,Austria,AUT,59423124773.0848,85517701539.3727,220969210537.828,229899623200.707,236280892259.344,202784894360.508,207444081442.658,225534464183.706,252348201943.937,247908346659.764,224631996609.728,268527420305.887
Exports of goods and services (current US$),NE.EXP.GNFS.CD,Azerbaijan,AZE,3885196371.82385,2118126955.7443,36914842158.8595,35907329509.2416,32560882315.4405,20059340230.3338,17580998934.6368,19839356263.0723,25484470588.2353,23629764705.8824,15208764705.8824,25487647058.8235
Exports of goods and services (current US$),NE.EXP.GNFS.CD,"Bahamas, The",BHS,1714730000,3072900000,4087400000,4202800000,4214500000,4389400000,3936500000,3963000000,4573700000,4708300000,2452800000,3081800000
Exports of goods and services (current US$),NE.EXP.GNFS.CD,Bahrain,BHR,4887765691.48936,7176063829.78723,31409042553.1915,34102925531.9149,32069148936.1702,25805319148.9362,23918617021.2766,26881914893.617,29959042553.1915,29564361702.1277,25249202127.6596,..
Exports of goods and services (current US$),NE.EXP.GNFS.CD,Bangladesh,BGD,1866930004.59164,6588073941.56231,26886637936.4819,29304945498.3092,32830360072.3104,33820154152.8479,36924080441.4852,37658602119.9609,40734109733.496,45993821195.4892,39045806253.0294,44385410500.6474
Exports of goods and services (current US$),NE.EXP.GNFS.CD,Barbados,BRB,867846666.335206,1322800000,1811200000,1914200000,1879250000,1892295050,1765692250,1781072150,1810800000,1942400000,1389450000,1471300000
Exports of goods and services (current US$),NE.EXP.GNFS.CD,Belarus,BLR,9950000000,8815283224.1715,51744692335.3724,44058175675.6757,43301115023.4742,32749824186.8642,29831121833.5344,36551674170.6774,42295053003.5336,41927191892.1503,37443843252.9923,49183440343.4829
Exports of goods and services (current US$),NE.EXP.GNFS.CD,Belgium,BEL,126512468614.196,171786761887.373,398929195236.797,413907322862.55,427246782185.842,359721498493.008,378134817583.308,418211812445.412,451370851760.392,441538322416.47,417263655933.075,516056445491.852
Exports of goods and services (current US$),NE.EXP.GNFS.CD,Belize,BLZ,223500000,488000000,1137500000,1140000000,1186500000,1131000000,1059500000,1128500000,1182500000,1238500000,770500000,1158000000
Exports of goods and services (current US$),NE.EXP.GNFS.CD,Benin,BEN,375946872.309605,725304862.519149,2662421029.99897,3451240667.49663,4175438842.64093,2815204783.12488,3263416597.55351,3455561020.04159,3889962071.46759,4264332525.40811,3110348693.10499,4878137303.47475
Exports of goods and services (current US$),NE.EXP.GNFS.CD,Bermuda,BMU,..,..,3221785000,3337183000,3281476000,3325330000,3403730000,3466748000,3719872000,3841155000,3246335000,3549714000
Exports of goods and services (current US$),NE.EXP.GNFS.CD,Bhutan,BTN,80434037.692747,129012507.788162,706230865.389654,727604108.004055,714242710.492467,689952055.979636,639422224.471057,737147921.73411,754068095.24854,860578270.754314,689741914.936113,808222826.020804
Exports of goods and services (current US$),NE.EXP.GNFS.CD,Bolivia,BOL,1108688418.86801,1534697097.11329,12774727337.1925,13518462720.6946,14285068712.0116,10186598887.1356,8311504860.39185,9341206390.69807,10470274257.4627,10210442517.0918,7425817969.41423,11243140347.7867
Exports of goods and services (current US$),NE.EXP.GNFS.CD,Bosnia and Herzegovina,BIH,..,1218360951.48375,5572978977.7953,6133981060.34892,6307817595.98426,5760340572.7247,6146602907.07539,7389802005.30137,8600062764.03138,8201185392.93687,6913440302.85381,9968951378.80987
Exports of goods and services (current US$),NE.EXP.GNFS.CD,Botswana,BWA,2086912120.39774,3000196009.25164,6691601753.81192,8759967698.15095,9480511413.64289,7183590305.06467,8236800765.05339,6912351093.0282,7532893882.35294,6203255283.14692,4681134686.89443,7858650140.25056
Exports of goods and services (current US$),NE.EXP.GNFS.CD,Brazil,BRA,32028709720.4413,66777376061.4589,292803747887.973,290362691897.407,270452613727.157,232489103970.663,223864176667.717,258329886601.492,280545185833.926,264561034351.629,243286639296.245,323361431299.125
Exports of goods and services (current US$),NE.EXP.GNFS.CD,British Virgin Islands,VGB,..,..,..,..,..,..,..,..,..,..,..,..
Exports of goods and services (current US$),NE.EXP.GNFS.CD,Brunei Darussalam,BRN,2176000000,4042036716.93736,13364276568.5019,12311381074.1688,11657150749.8027,6751036439.01375,5652190834.72091,6012294735.31755,7045834309.43732,7804997287.78771,6886074798.86932,11228914277.4222
Exports of goods and services (current US$),NE.EXP.GNFS.CD,Bulgaria,BGR,6833181818.18182,4797489756.51109,32772597897.5033,36043133821.9327,36875485687.1524,32398958286.1029,34460613687.7828,39660430423.5091,43598091732.0459,44060618775.0429,39419475033.5023,51548528237.9973
Exports of goods and services (current US$),NE.EXP.GNFS.CD,Burkina Faso,BFA,340110071.15132,262543939.662747,3340989789.37289,3640311463.70639,3755133897.1596,3089098202.89416,3325889934.21594,3731626622.06429,4461756442.78972,4467779364.78407,..,..
Exports of goods and services (current US$),NE.EXP.GNFS.CD,Burundi,BDI,89130244.3724271,55005758.5302566,226243003.839985,222979905.739266,235295486.797682,199192403.223542,168508045.20934,163460229.95872,151245432.09896,133258585.342832,120542058.178623,138998735.910343
Exports of goods and services (current US$),NE.EXP.GNFS.CD,Cabo Verde,CPV,52576490.7976862,145630289.312716,704245132.589581,749300524.240874,750676236.985831,717082167.756528,735543570.396065,812736072.812859,962654298.731662,1003790836.50777,423385851.850857,476614904.187062
Exports of goods and services (current US$),NE.EXP.GNFS.CD,Cambodia,KHM,..,1821397244.68085,8136084082.96553,9500429495.11453,10456414664.8421,11140147276.578,12266568264.954,13457559457.2629,15135150382.1529,16549259440.9858,15793225848.7574,17417509553.2442
Exports of goods and services (current US$),NE.EXP.GNFS.CD,Cameroon,CMR,2485421378.01141,2626514742.44165,7200041493.17127,7973145800.48253,8590854824.6274,6760653981.81396,6407809848.57382,6624480523.5176,7489599808.4424,7874725000.89604,6212147272.51879,7575052201.79875
Exports of goods and services (current US$),NE.EXP.GNFS.CD,Canada,CAN,149461775797.052,329258635782.102,554964544782.69,560108797442.998,573083180253.852,495747450357.728,481357649980.237,518766780219.71,556939410843.12,555851439082.698,483153046942.475,611121393735.116
Exports of goods and services (current US$),NE.EXP.GNFS.CD,Cayman Islands,CYM,..,..,..,..,..,..,..,3824312972.5189,3959078363.13453,4128045121.80487,3372614904.59618,..
Exports of goods and services (current US$),NE.EXP.GNFS.CD,Central African Republic,CAF,245892968.903802,186767826.171772,289922972.255949,253274147.215345,315975075.203951,289437776.688114,270501999.9811,357682886.000818,354024715.431639,349974476.669665,353021266.326839,357002527.903324
Exports of goods and services (current US$),NE.EXP.GNFS.CD,Chad,TCD,234367649.89132,234520125.090114,4757484164.62592,4347930831.08389,4762356368.19952,3285310490.30322,2655214530.54105,3387430128.68017,4067531256.38563,4157368098.56787,2862741202.70472,4564757550.84434
Exports of goods and services (current US$),NE.EXP.GNFS.CD,Channel Islands,CHI,..,..,..,..,..,..,..,..,..,..,..,..
Exports of goods and services (current US$),NE.EXP.GNFS.CD,Chile,CHL,10760217714.6605,23571802464.7159,90427251746.4558,88959111212.481,85613841160.6594,70787389826.3311,69612075674.0576,78297990798.2845,84275554762.1214,77541641202.3049,79693816697.4843,101112504544.894
Exports of goods and services (current US$),NE.EXP.GNFS.CD,China,CHN,44932593282.2455,253095146995.525,2175080625679.5,2354248580552.39,2462839435097.13,2362092880957.64,2199967569428.2,2424199911705.08,2655591916228.46,2628935396524.04,2729871520705.54,3553509241460.01
Exports of goods and services (current US$),NE.EXP.GNFS.CD,Colombia,COL,9024672480.38864,15897088339.1542,69774770559.0529,69111201874.1384,63397043405.7392,45930515098.6219,41623750983.8154,47235694653.5682,53136579845.3584,51271146742.3269,36465851526.4076,51599165400.1063
Exports of goods and services (current US$),NE.EXP.GNFS.CD,Comoros,COM,37963362.5637023,31027529.9630531,90876019.4433628,101000284.268301,111239529.269439,97918670.0850322,108098877.229645,128229503.784909,153462152.243673,152645352.931793,69481188.3983341,140072575.018788
Exports of goods and services (current US$),NE.EXP.GNFS.CD,"Congo, Dem. Rep.",COD,..,2185507246.37681,9027202464.46064,11910414647.3896,13226085525.3466,10512898980.653,8896176892.90775,13401989661.626,15485130709.7247,13393198495.2785,13935463039.123,22353947838.6733
Exports of goods and services (current US$),NE.EXP.GNFS.CD,"Congo, Rep.",COG,1449116806.34254,2591933855.33981,10276402426.1379,9506330841.32888,9521187838.64056,5080489780.56422,4598648747.16,6442158614.004,9709768353.74784,9408766860.49588,5976728064.96336,7813576416.95942
Exports of goods and services (current US$),NE.EXP.GNFS.CD,Costa Rica,CRI,1952841380.81713,6445399583.37389,14949440013.9988,15586345071.9416,16313862272.8384,16930124511.5194,18395633885.4873,19826679615.149,21059634128.663,22111572396.8857,19601771162.4311,23226248400.9351
Exports of goods and services (current US$),NE.EXP.GNFS.CD,Cote d'Ivoire,CIV,3421191368.47657,4606906227.753,12699450563.6303,12469057450.5426,13752705785.6157,12532872742.5388,11796835871.9526,12855832026.0491,13134192041.8978,13918496153.8527,13231734148.3288,16083020558.465
Exports of goods and services (current US$),NE.EXP.GNFS.CD,Croatia,HRV,..,7638094873.186,22335640412.7853,23470755729.6636,24940444720.9211,22948569293.4507,24555556090.3023,27661081728.7417,30780122852.6633,31534555620.3672,23840548540.8422,35358791830.0579
Exports of goods and services (current US$),NE.EXP.GNFS.CD,Cuba,CUB,8662106515.95745,4318900000,18659000000,18593000000,17812000000,14941000000,13690000000,14093000000,14530000000,12632000000,8769000000,..
Exports of goods and services (current US$),NE.EXP.GNFS.CD,Curacao,CUW,..,..,2415921787.7095,2226256983.24022,2284301675.97765,2054301675.97765,1868156424.58101,1764972067.03911,..,..,..,..
Exports of goods and services (current US$),NE.EXP.GNFS.CD,Cyprus,CYP,2879463636.36364,6986380772.8558,13846493639.9846,14687364855.8906,15318458881.3604,13939877954.0663,14834744299.3137,16943055806.5974,19188986773.7364,19845764021.0456,20354070816.6762,24606031933.767
Exports of goods and services (current US$),NE.EXP.GNFS.CD,Czechia,CZE,13409039102.0999,29733777253.8249,157992900012.77,161004654093.942,171578513790.196,151477127902.841,155265095693.861,172776198149.125,191589920194.509,186582040576.045,172056182074.73,204941777056.793
Exports of goods and services (current US$),NE.EXP.GNFS.CD,Denmark,DNK,50354023850.3054,73620705669.8544,178723084177.093,188383264163.235,192780904236.996,167735890269.837,167285255408.274,182923569688.047,201828694345.104,203211746226.714,195122346158.041,237621916036.214
Exports of goods and services (current US$),NE.EXP.GNFS.CD,Djibouti,DJI,..,..,..,3197791277.3392,3507482741.48806,3525582232.82561,2703006397.66826,4146589316.96311,4563067954.82807,5149667174.954,3682879344.59068,..
Exports of goods and services (current US$),NE.EXP.GNFS.CD,Dominica,DMA,..,..,158362962.962963,193466666.666667,272781481.481481,255900000,257177777.777778,213188888.888889,161955555.555556,..,..,..
Exports of goods and services (current US$),NE.EXP.GNFS.CD,Dominican Republic,DOM,2165302159.4548,8628001112.38142,14917450220.3696,15775319666.4633,16896682553.4963,16909888521.6059,18100528866.1092,18945236857.9387,20149516087.6591,20518119286.7127,14425187964.511,20500497765.6843
Exports of goods and services (current US$),NE.EXP.GNFS.CD,Ecuador,ECU,3469125960.22029,5888259129.56478,26522271000,27243506000,28536122000,21107369000,19492639000,21727767000,24314052000,24917131000,21702981000,27803104000
Exports of goods and services (current US$),NE.EXP.GNFS.CD,"Egypt, Arab Rep.",EGY,8748317631.22476,16174959635.99,45766666666.6667,49085271317.8295,43529411764.7059,43423180592.9919,34392638036.8098,37289402173.913,47225661226.7867,53041002277.9043,47872738615.0967,44850223072.0204
Exports of goods and services (current US$),NE.EXP.GNFS.CD,El Salvador,SLV,891100175.4,3161574400,6110250000,6536790000,6677020000,6911040000,6884540000,7251400000,7528970000,8052490000,6295300000,8490950000
Exports of goods and services (current US$),NE.EXP.GNFS.CD,Equatorial Guinea,GNQ,..,..,16098338224.4035,14849115083.3084,14357209503.5354,7470701273.33407,5779218083.66306,7181836155.19529,7807722255.87883,5810566792.56747,4391793754.53885,6806230926.43924
Exports of goods and services (current US$),NE.EXP.GNFS.CD,Eritrea,ERI,..,68310441.5584416,..,..,..,..,..,..,..,..,..,..
Exports of goods and services (current US$),NE.EXP.GNFS.CD,Estonia,EST,..,3504490924.16843,19844301075.3844,21239933054.6291,21804108132.1015,17725575721.5992,18537893089.3891,20411337063.7789,22761485754.8768,22964765757.1764,21731484847.4615,29119437814.5654
Exports of goods and services (current US$),NE.EXP.GNFS.CD,Eswatini,SWZ,657911722.645229,1238728118.96596,1793016565.16443,1863608072.41769,1939667087.45289,1751537858.04508,1681302489.53065,1915868748.78089,1886791240.24743,2051993384.90707,1788677595.42935,2137038522.93789
Exports of goods and services (current US$),NE.EXP.GNFS.CD,Ethiopia,ETH,..,..,5962716169.22631,5948437727.40764,6474164234.1889,6047701984.51402,5804111646.50643,6238595144.93368,7055599390.22989,7615437260.73101,7672983060.57996,8448635570.26166
Exports of goods and services (current US$),NE.EXP.GNFS.CD,Faroe Islands,FRO,..,547809627.494402,1275718601.64005,1491480155.97457,1556489977.72829,1369743902.25776,1534263261.88036,1679701343.34913,1684160516.89735,1821708099.67913,1551764723.86543,1923048782.42751
Exports of goods and services (current US$),NE.EXP.GNFS.CD,Fiji,FJI,833547167.263151,1097340975.28892,2427342309.62624,2382948683.13875,2541991204.36603,2286803966.43783,2299804267.91426,2463399293.62814,2665037846.12436,2638400296.24144,1232063814.09074,1173174616.53627
Exports of goods and services (current US$),NE.EXP.GNFS.CD,Finland,FIN,31323277872.8036,52967332461.1766,100237927391.016,103165553050.196,100273910699.215,83041492298.8281,83813596801.1675,95994657970.5884,106061524525.49,107085573184.314,97673758060.7007,117187092662.789
Exports of goods and services (current US$),NE.EXP.GNFS.CD,France,FRA,266219732562.342,390504309338.04,783713381111.719,825700281806.669,847269974207.056,746211770692.968,748010809661.091,803163777629.413,885114776507.45,862106200525.489,724413895982.881,871058669864.327
Exports of goods and services (current US$),NE.EXP.GNFS.CD,French Polynesia,PYF,..,169124084.178915,..,..,..,..,..,1140826123.62981,..,1212133721.24114,638903797.705294,..
Exports of goods and services (current US$),NE.EXP.GNFS.CD,Gabon,GAB,2740347018.86245,3507168322.5196,10465457223.2289,10092463252.248,8104569005.66331,6620833366.11911,6175468938.5318,7498597594.24114,9158802458.42339,8678687828.8877,7275153456.62075,11280880844.737
Exports of goods and services (current US$),NE.EXP.GNFS.CD,"Gambia, The",GMB,189941616.956467,201981794.863774,280761041.365959,261079084.811,268476026.166343,270072130.653881,236219097.354314,252666151.743551,362977084.968786,341709153.558052,174363176.361169,131923456.425636
Exports of goods and services (current US$),NE.EXP.GNFS.CD,Georgia,GEO,3101400747.10438,703050139.134834,6020953188.39702,7171816760.85127,7039247890.3551,6110518662.14251,6177800312.67165,7557441721.45846,8896744920.10258,9577029902.09989,5908062642.69865,8045446632.88156
Exports of goods and services (current US$),NE.EXP.GNFS.CD,Germany,DEU,404575941169.35,600907866067.452,1633318434049.22,1695844705677.65,1774175599429.01,1575404010475.78,1598674707103.9,1740716687374.12,1880263808511.37,1814620042988.23,1673068300859.15,2003471014267.41
Exports of goods and services (current US$),NE.EXP.GNFS.CD,Ghana,GHA,993968473.144556,2431828408.88236,16656634664.9131,15982674472.5951,15466239763.8611,16715084477.4673,17519736891.9126,20463794483.3927,22514904281.0721,25592134166.4431,14513683721.429,23206601900.9723
Exports of goods and services (current US$),NE.EXP.GNFS.CD,Gibraltar,GIB,..,..,..,..,..,..,..,..,..,..,..,..
Exports of goods and services (current US$),NE.EXP.GNFS.CD,Greece,GRC,14466921754.0843,30942467693.0212,69565465932.7289,72167340436.45,76489983017.2778,62867562248.0769,60431141888.9686,70013677525.7613,82684241851.0211,82328450373.7254,60434496175.0476,87827556199.797
Exports of goods and services (current US$),NE.EXP.GNFS.CD,Greenland,GRL,..,..,978938282.261545,1012250057.86728,1093416481.06904,939163780.674505,1103569677.79313,1160384073.6646,1358439172.71086,1230185623.8942,1118524632.76318,..
Exports of goods and services (current US$),NE.EXP.GNFS.CD,Grenada,GRD,..,..,..,..,..,..,..,..,..,..,..,..
Exports of goods and services (current US$),NE.EXP.GNFS.CD,Guam,GUM,..,..,1004000000,1053000000,1057000000,1048000000,1119000000,1141000000,1165000000,1403000000,371000000,186000000
Exports of goods and services (current US$),NE.EXP.GNFS.CD,Guatemala,GTM,1608631682.19716,3895385279.26628,12530952103.7582,11658261378.6783,12579635808.6961,12331463395.5165,12387114040.9742,13252465330.2304,13323208213.6397,13591565593.0464,12674665552.9223,15296677104.8821
Exports of goods and services (current US$),NE.EXP.GNFS.CD,Guinea,GIN,828699063.736477,734578563.349223,2531048966.42904,2217341673.42936,2342843821.09411,1890478301.14386,2524762066.00743,4611027662.1547,4767367514.76856,4710654139.23984,9118509087.56435,10349491215.1011
Exports of goods and services (current US$),NE.EXP.GNFS.CD,Guinea-Bissau,GNB,24240037.9328713,80735010.025232,153091833.359024,190986184.236634,213171025.522053,288714347.161939,312531977.423096,374997825.737652,380311738.394247,292073122.709763,205987686.635881,..
Exports of goods and services (current US$),NE.EXP.GNFS.CD,Guyana,GUY,248683534.177215,684731124.266842,..,..,..,..,..,..,..,..,..,..
Exports of goods and services (current US$),NE.EXP.GNFS.CD,Haiti,HTI,368773800,500598000.142701,1323609689.69316,1566906101.52277,1662116686.61118,1747794244.30207,1613347565.96492,1664384135.95576,1779807736.40458,1732030796.75048,1110024754.94218,1490135681.18388
Exports of goods and services (current US$),NE.EXP.GNFS.CD,Honduras,HND,1561384393.2393,3878791962.58911,9431576950.29279,8869036740.06819,9396713234.73355,9475880830.43217,9276487847.60236,9970294331.78213,9977253615.70032,10015545627.0274,8362282817.84565,10957691939.3589
Exports of goods and services (current US$),NE.EXP.GNFS.CD,"Hong Kong SAR, China",HKG,90213099180.9803,216355888694.938,566884508277.036,610972021660.65,621071949033.415,606075105136.871,600021385414.117,644673433249.5,681282515787.459,644985260148.802,608116975197.236,751362887871.147
Exports of goods and services (current US$),NE.EXP.GNFS.CD,Hungary,HUN,..,31569229766.0494,110624931420.638,115889090055.656,122873573562.815,109560505848.764,111124980759.44,122961374954.452,134482261437.021,133725455859.079,123747209385.383,148291830254.915
Exports of goods and services (current US$),NE.EXP.GNFS.CD,Iceland,ISL,2144153418.27403,2899936221.63427,8102421429.80423,8586232153.76114,9205258378.50518,9047940782.56458,9873435454.66255,11308798727.139,12248092313.7596,11012617625.7117,7474085350.2971,9779499272.6097
Exports of goods and services (current US$),NE.EXP.GNFS.CD,India,IND,22639774911.5525,60878396865.5263,448400543291.471,472180427427.899,468346037554.217,416787832621.795,439642787829.497,498258560860.385,538635201541.984,529244936262.465,499095036175.143,679680586359.909
Exports of goods and services (current US$),NE.EXP.GNFS.CD,Indonesia,IDN,28982531189.6634,67621169165.827,225744402474.106,218308408827.835,210820082760.734,182158299305.401,177886012771.598,204924485587.546,218905647471.407,208057763085.712,182850626710.373,255731268263.145
Exports of goods and services (current US$),NE.EXP.GNFS.CD,"Iran, Islamic Rep.",IRN,16573631049.5276,23526115003.4898,144748914362.993,124095211144.435,105108486937.96,76420864824.5248,96911018213.4338,110638713089.249,100226854255.155,66634694561.9932,46567697156.4973,82155721445.667
Exports of goods and services (current US$),NE.EXP.GNFS.CD,Iraq,IRQ,13888387096.7742,36613563337.9565,97029493670.1154,93065600000,88949000000,57560660438.6254,46829500000,63496860304.0541,92771934474.7411,88902900000,50188790939.5973,78260500000
Exports of goods and services (current US$),NE.EXP.GNFS.CD,Ireland,IRL,26973256480.396,94585420135.4433,235594116733.999,247894796542.659,285403238347.452,356246507448.109,363980648236.857,407073567249.361,473625684411.473,510651179174.446,567819518749.7,677696001242.466
Exports of goods and services (current US$),NE.EXP.GNFS.CD,Isle of Man,IMN,..,..,..,..,..,..,..,..,..,..,..,..
Exports of goods and services (current US$),NE.EXP.GNFS.CD,Israel,ISR,17525346195.8139,47074289358.1537,92621172360.8391,98956775008.0201,100187958104.208,94578019810.4713,96485761649.7565,104759044542.617,112607841374.554,117917737508.63,114374660318.635,143915002605.368
Exports of goods and services (current US$),NE.EXP.GNFS.CD,Italy,ITA,215684612152.553,293867282501.648,592262781313.008,613302332503.139,629335664494.076,545774938462.89,550505533785.41,602933211569.648,655895167113.49,635620162864.313,558466165047.005,688582419700.764
Exports of goods and services (current US$),NE.EXP.GNFS.CD,Jamaica,JAM,2207168708.24053,3493068625.14743,4469328381.58509,4361405965.66263,4344149024.87504,4245565949.50149,4478412406.57101,5132360928.22619,6066399475.44647,6021403908.57244,3326741736.11755,4042306381.51974
Exports of goods and services (current US$),NE.EXP.GNFS.CD,Japan,JPN,320186473746.914,519863963884.546,904146988796.653,822722049495.078,852990577902.813,775051882733.212,803489014102.661,867405253150.188,923234601723.625,893782209080.495,784167900504.685,910488958468.817
Exports of goods and services (current US$),NE.EXP.GNFS.CD,Jordan,JOR,2489227060.41886,3538928067.70099,14307042253.5211,14228169014.0845,15524929577.4648,14120563380.2817,13584225352.1127,14300140845.0704,15092676056.338,16170140845.0704,10444366197.1831,13864084507.0423
Exports of goods and services (current US$),NE.EXP.GNFS.CD,Kazakhstan,KAZ,..,10353713028.5443,91747467851.4544,91381254223.3838,87108779033.8503,52581510794.9684,43714755377.6011,54041331161.5609,67477064789.7424,66197683954.9227,52229580197.0828,66124956005.7055
Exports of goods and services (current US$),NE.EXP.GNFS.CD,Kenya,KEN,2202462461.58296,2742778003.4263,11203176165.5089,10972691351.5453,11248581131.9553,10608330744.5113,9912812646.54537,10448620986.7625,11564072038.3489,11471390332.3855,9703784283.44362,11662731888.7572
Exports of goods and services (current US$),NE.EXP.GNFS.CD,Kiribati,KIR,8053859.96409336,7960111.31725417,26425553.9449161,22120872.7553582,24099242.8339643,26736608.8197731,34309693.72584,29544144.6965052,21134862.5224148,32509767.1185262,23017273.4154566,26292067.3076923
Exports of goods and services (current US$),NE.EXP.GNFS.CD,"Korea, Dem. People's Rep.",PRK,..,..,..,..,..,..,..,..,..,..,..,..
Exports of goods and services (current US$),NE.EXP.GNFS.CD,"Korea, Rep.",KOR,70825844919.1816,195550063662.729,691553300804.601,703109248740.173,709970494628.1,630129491251.218,602034550194.781,664731199232.572,719489868241.708,648610576582.722,597865413028.15,761244269131.139
Exports of goods and services (current US$),NE.EXP.GNFS.CD,Kosovo,XKX,..,..,1511481433.89439,1549478018.32913,1664446658.69536,1413499389.77033,1592345583.35178,1962433348.39584,2288979688.23807,2315660546.3502,1674198290.59829,3144483737.43347
Exports of goods and services (current US$),NE.EXP.GNFS.CD,Kuwait,KWT,8281249652.77778,21297262059.9739,130085744908.896,123413258110.014,111412508784.259,61598537720.1728,52118503806.6865,61797759643.9169,79448654966.8874,72583928853.7549,..,..
Exports of goods and services (current US$),NE.EXP.GNFS.CD,Kyrgyz Republic,KGZ,781250000,573185350.355847,2932959610.25008,3099060450.34797,2796701463.63465,2350024277.83147,2440818089.62713,2638474037.52467,2613813420.33663,3125631006.47234,2435961218.47126,3358817496.99908
Exports of goods and services (current US$),NE.EXP.GNFS.CD,Lao PDR,LAO,98057227.2695161,530820000,3860717698.89266,4574379409.77094,5411897516.20781,4898082060.90105,5284448606.02114,..,..,..,..,..
Exports of goods and services (current US$),NE.EXP.GNFS.CD,Latvia,LVA,..,2927653534.18308,17308645446.327,18242231298.7032,19194571239.496,16432932180.8121,16739813107.2164,18774805222.9047,21159713457.9129,20542524056.6039,20726215208.053,25295205509.1314
Exports of goods and services (current US$),NE.EXP.GNFS.CD,Lebanon,LBN,510722596.67467,2447097844.11277,12680893474.8259,12492026092.67,11425578093.5987,11553482873.3002,11112344036.2852,11627344114.1625,11394547409.3532,10681277028.3784,5192095745.90564,6020232987.6393
Exports of goods and services (current US$),NE.EXP.GNFS.CD,Lesotho,LSO,..,..,1015401315.14856,880613387.638353,904868659.411944,981902044.847126,937260700.494915,1061730137.04799,1247692668.07215,1094190360.17829,886161624.876208,1081042804.84752
Exports of goods and services (current US$),NE.EXP.GNFS.CD,Liberia,LBR,..,..,..,..,..,..,..,..,..,..,..,..
Exports of goods and services (current US$),NE.EXP.GNFS.CD,Libya,LBY,11467161016.9492,12077313549.3948,61878180233.0189,45126444916.2538,18495913234.8318,10828699681.4364,7275963751.43843,18265246089.8264,30377289377.2894,29664306658.0848,..,..
Exports of goods and services (current US$),NE.EXP.GNFS.CD,Liechtenstein,LIE,..,..,..,..,..,..,..,..,..,..,..,..
Exports of goods and services (current US$),NE.EXP.GNFS.CD,Lithuania,LTU,..,4447864479.93094,33580700075.8524,36599310828.8094,35075482147.8274,28498382257.0195,29094549835.8911,35148120644.6942,40423966584.6823,42336365374.9803,41640278272.576,53483244791.4333
Exports of goods and services (current US$),NE.EXP.GNFS.CD,Luxembourg,LUX,12742102848.8653,31345279139.575,102344215078.842,115007710906.273,125763218895.967,115238593327.577,118895618024.066,126658587133.284,140226660132.432,142668322360.196,147703271437.975,180788786070.823
Exports of goods and services (current US$),NE.EXP.GNFS.CD,"Macao SAR, China",MAC,3189751901.25919,6046798489.88898,39204245359.7667,46720613820.9856,47019694256.9894,35365685660.6136,34542782454.2532,40576252180.4137,45626138123.258,45556409144.4148,15665218860.6977,26484916619.8239
Exports of goods and services (current US$),NE.EXP.GNFS.CD,Madagascar,MDG,505973443.308789,885096695.506053,2521980869.00362,2891230415.1199,3541731739.87023,3214678774.66036,3447066177.99648,4071827552.94261,4339367292.1674,4009166435.66179,2628831031.50756,3042228928.7682
Exports of goods and services (current US$),NE.EXP.GNFS.CD,Malawi,MWI,..,..,..,..,..,..,..,..,..,..,..,..
Exports of goods and services (current US$),NE.EXP.GNFS.CD,Malaysia,MYS,32783097341.8611,112369210526.316,249353146853.147,244491415151.227,249467750313.178,209286903085.392,201164573439.722,223415961305.925,245969368788.878,238378032589.016,207797549660.997,256755967465.547
Exports of goods and services (current US$),NE.EXP.GNFS.CD,Maldives,MDV,183761515.912898,..,..,..,3375464877.3764,3219988390.17851,3152062225.08524,3437623396.37356,3716673766.14601,3894413424.78221,1851697983.91553,4070267422.11843
Exports of goods and services (current US$),NE.EXP.GNFS.CD,Mali,MLI,419815580.482433,665700074.189844,3465895925.6795,3302798787.44587,3240081716.2602,3150871337.62745,3288114388.38917,3413353636.77821,4186181747.47703,4441938877.74764,5354300893.17669,5662920686.44712
Exports of goods and services (current US$),NE.EXP.GNFS.CD,Malta,MLT,1931606510.87397,5198706643.15109,15434793781.3183,16457696905.2995,17417563438.2888,17149339842.4498,18412663272.0832,20863420695.8879,22217052432.6878,22973804992.7236,22721873215.3055,26174571259.6097
Exports of goods and services (current US$),NE.EXP.GNFS.CD,Marshall Islands,MHL,..,33100500,99021270.7519531,95356872.5585938,92294914.2456055,81273124.6948242,73643516.5405273,83584335.3271484,87396575.9277344,86309463.5009766,85857170.1049805,120867309.570313
Exports of goods and services (current US$),NE.EXP.GNFS.CD,Mauritania,MRT,545201152.402337,454083030.934653,3247124765.69348,3290004094.02625,2464897183.91279,1862091587.81786,2170783066.71094,2346434079.07382,2734291920.6783,3353880765.75054,3417828474.39579,3943765753.55001
Exports of goods and services (current US$),NE.EXP.GNFS.CD,Mauritius,MUS,1723618259.49474,2849014842.13093,6276838602.32945,6462539167.59496,6867146066.82864,6183497020.54101,6193056645.81804,6603763188.26962,6792605733.41506,6362354997.39242,4489070295.24562,5077292820.46239
Exports of goods and services (current US$),NE.EXP.GNFS.CD,Mexico,MEX,48866100760.8618,179855862769.153,387538503663.769,398972729094.895,419247687492.947,404585953950.897,399496352302.013,436348935038.174,479887532672.012,492646676997.031,430504335973.862,522531999072.631
Exports of goods and services (current US$),NE.EXP.GNFS.CD,"Micronesia, Fed. Sts.",FSM,..,41921500,97807400,96425000,101619000,85658000,91885300,109856900,142584400,129700000,96900000,96300000
Exports of goods and services (current US$),NE.EXP.GNFS.CD,Moldova,MDA,..,639062444.70539,2711403157.70699,3047744876.23633,2964395131.2674,2470379871.47997,2607820373.68146,3007169949.4369,3453124989.06745,3659009037.18604,3218731236.09183,4188570116.33804
Exports of goods and services (current US$),NE.EXP.GNFS.CD,Monaco,MCO,..,..,..,..,..,..,..,..,..,..,..,..
Exports of goods and services (current US$),NE.EXP.GNFS.CD,Mongolia,MNG,467975940,613886974.292311,5356224605.54811,4893217361.06212,6388231517.37735,5134139093.65088,5688198304.49216,6792836362.84494,7665009950.51899,8412612739.603,7676311747.37135,8950038023.52629
Exports of goods and services (current US$),NE.EXP.GNFS.CD,Montenegro,MNE,..,362369077.306733,1785211358.08814,1846366051.26843,1844211505.24777,1707766559.41418,1777104272.7474,1993899683.6873,2361026216.34388,2430004477.77902,1240005698.0057,2510636385.14313
Exports of goods and services (current US$),NE.EXP.GNFS.CD,Morocco,MAR,7412029591.25487,10408859646.151,34323976635.2974,35014930700.1368,35897838525.8675,33119732085.2493,34291409635.4831,38651877837.3917,43077529538.3599,43952750829.2521,37369956195.7712,47048228291.7061
Exports of goods and services (current US$),NE.EXP.GNFS.CD,Mozambique,MOZ,..,633309991.331302,4722762672.25884,4539601423.06198,5542306764.64866,4957269487.90096,4004304269.84182,5099797262.84633,6661132517.8778,4966113499.4876,4151075575.37969,4951390234.76285
Exports of goods and services (current US$),NE.EXP.GNFS.CD,Myanmar,MMR,..,..,3550528930.06575,9581400482.20159,12574618317.3199,12901541589.7502,13852127379.6474,15941649695.0231,19042051784.7318,20877077817.017,22615134490.0962,18415277429.9246
Exports of goods and services (current US$),NE.EXP.GNFS.CD,Namibia,NAM,1215313003.32393,1597772846.47973,5224411420.83038,4516467699.69026,4851936880.9313,4009349176.46077,3753713232.04476,4335454246.52386,4909474909.13487,4565372506.64433,3536024302.91922,3907060129.18931
Exports of goods and services (current US$),NE.EXP.GNFS.CD,Nauru,NRU,..,..,69086409.5689833,95413973.530317,98228219.957771,60737166.1535902,70607075.2656864,65615808.1303266,71312301.3719867,75811757.9745387,54296822.6303794,54481677.7371446
Exports of goods and services (current US$),NE.EXP.GNFS.CD,Nepal,NPL,381884707.665109,1279281887.93977,1899085037.34277,2059901677.88821,2301357058.7828,2488355029.13379,2005967749.51834,2263315205.83735,2587877999.09938,2659663942.53002,2275258177.64442,1890368794.1327
Exports of goods and services (current US$),NE.EXP.GNFS.CD,Netherlands,NLD,173218737746.581,275675255568.628,666972343230.469,700689843247.453,718890300914.899,632814005706.64,623603755002.725,695378637220.001,774043642951.372,751253595615.685,712054191887.94,840459995302.312
Exports of goods and services (current US$),NE.EXP.GNFS.CD,New Caledonia,NCL,467633429.685851,779113645.405221,1715324223.40989,1596112195.63229,1976647744.54129,1578920943.30992,1680830893.78407,1927265222.73795,..,..,..,..
Exports of goods and services (current US$),NE.EXP.GNFS.CD,New Zealand,NZL,12175342138.2896,18810433407.9831,50852168174.6844,55007020974.9542,56333268810.663,49705887480.6046,50288021440.6293,56953620425.2499,59074559911.4347,58307831672.5686,46404210822.1165,56314188711.2746
Exports of goods and services (current US$),NE.EXP.GNFS.CD,Nicaragua,NIC,251842580.645161,1026990189.1253,4999469140.04935,4965861472.00155,5347144909.83824,5113366205.86423,5165892177.07278,5698964090.92573,5506699795.90026,5680173421.05025,5309751005.32582,6563617753.26263
Exports of goods and services (current US$),NE.EXP.GNFS.CD,Niger,NER,529264157.540747,321460755.159052,1517787449.29795,1736088856.1157,1732190192.63108,1381730097.69597,1266928628.41661,1486989001.763,1515939539.09152,1475283079.51208,1413658356.70082,1533845340.93423
Exports of goods and services (current US$),NE.EXP.GNFS.CD,Nigeria,NGA,11333885339.7422,25017710170.2798,146367018678.386,93880662175.3761,105851512076.482,52587763138.4559,37300993198.2155,49491582468.2241,65356458031.7124,63726819299.8591,35087257884.8152,47338716492.0487
Exports of goods and services (current US$),NE.EXP.GNFS.CD,North Macedonia,MKD,1154602473.49823,1243037210.24097,4421834901.8486,4694505693.46464,5415583660.47837,4905243521.89797,5407084298.5231,6235358681.43527,7657420965.66495,7867370857.84171,7142622948.57869,9154224180.71247
Exports of goods and services (current US$),NE.EXP.GNFS.CD,Northern Mariana Islands,MNP,..,..,379000000,402000000,437000000,482000000,882000000,1081000000,661000000,497000000,..,..
Exports of goods and services (current US$),NE.EXP.GNFS.CD,Norway,NOR,47221272584.9482,78315344588.6069,207279587451.654,204907744680.851,194361756149.167,145839991732.975,130785833333.333,144748458593.593,165936181985.859,146844318181.818,116791786883.795,200451455180.442
Exports of goods and services (current US$),NE.EXP.GNFS.CD,Oman,OMN,5518855656.69701,11770788556.567,54825227568.2705,59385175552.6658,56953966189.857,39080884265.2796,31042392717.8153,36963849154.7464,46321456436.9311,43583094928.4785,35719888946.684,46324248894.6684
Exports of goods and services (current US$),NE.EXP.GNFS.CD,Pakistan,PAK,5917028934.69827,9940178787.14665,27816080760.866,30699243926.6237,29916086156.5945,28690885214.612,27400953970.0353,27888171201.7708,30562210968.1482,30136171703.1025,27935258004.2782,31546334430.5352
Exports of goods and services (current US$),NE.EXP.GNFS.CD,Palau,PLW,..,..,..,..,..,..,..,..,..,..,..,..
Exports of goods and services (current US$),NE.EXP.GNFS.CD,Panama,PAN,3699099600,7629852800,30399600000,29713600000,27635200000,25793600000,24305600000,26003029600,27783920100,27602938300,21379165000,32479296000
Exports of goods and services (current US$),NE.EXP.GNFS.CD,Papua New Guinea,PNG,1308008919.16514,2330364836.5162,..,..,..,..,..,..,..,..,..,..
Exports of goods and services (current US$),NE.EXP.GNFS.CD,Paraguay,PRY,3035291401.61002,3837259043.41216,12641839182.9678,14905195671.245,14319795141.4996,12589204412.0071,13412910422.8831,14990802325.0676,14861384552.4208,13722313058.7404,11907160303.513,14210767078.4022
Exports of goods and services (current US$),NE.EXP.GNFS.CD,Peru,PER,4145688961.32809,8676752915.55632,52881407340.0061,49908212739.1835,45392391687.2138,40404471800.0251,43369085360.4338,52160711547.3087,56077100955.3946,54886884607.3173,45143208675.4986,64932484667.3195
Exports of goods and services (current US$),NE.EXP.GNFS.CD,Philippines,PHL,9795179683.67578,36265975466.3143,71941899916.6446,74318409026.0141,81375067295.5635,83378041349.1038,84987326746.3284,97073621259.9472,104793501602.692,106953449743.691,91171552541.3666,101446840164.864
Exports of goods and services (current US$),NE.EXP.GNFS.CD,Poland,POL,..,46823588964.819,219282358360.203,237153388597.102,250615311459.819,226390768006.367,236272445977.478,273107982959.807,310571199158.291,317073240610.512,317653665666.59,393471089360.16
Exports of goods and services (current US$),NE.EXP.GNFS.CD,Portugal,PRT,22960185627.9004,33452144655.7193,81685225652.2559,89682537231.5018,92457300368.9836,80984130312.3324,83005656043.171,94573528088.0378,105274675792.789,104414522676.565,84848916302.1154,105509019988.084
Exports of goods and services (current US$),NE.EXP.GNFS.CD,Puerto Rico,PRI,19305400000,38465700000,58351600000,62361300000,62309200000,69463100000,71740000000,71091600000,60528300000,63684400000,62237400000,57921400000
Exports of goods and services (current US$),NE.EXP.GNFS.CD,Qatar,QAT,..,11949450549.4505,142876098901.099,144510439560.44,140228846153.846,92291208791.2088,72397252747.2527,85204395604.3956,102560989010.989,92046153846.1538,70933241758.2418,105855219780.22
Exports of goods and services (current US$),NE.EXP.GNFS.CD,Romania,ROU,6522727272.72727,8042562992.30734,64042731099.7059,76385528411.3104,82837632867.5505,73553461317.6224,78593220338.9831,88964194941.3942,101078166226.913,100910238561.552,92693685202.639,116047231035.477
Exports of goods and services (current US$),NE.EXP.GNFS.CD,Russian Federation,RUS,93864126141.833,114429434767.153,594193217854.85,592497432241.002,558283087794.633,391365279621.646,330106672194.393,410722488464.729,510345774006.233,481410368301.623,381017101472.993,548860012246.4
Exports of goods and services (current US$),NE.EXP.GNFS.CD,Rwanda,RWA,143182955.195743,111245631.853736,918133646.190569,1055111376.41579,1142634537.53588,1130492668.29254,1340967911.77915,1899457437.71633,2034370487.56848,2258781198.20915,1966296256.24683,2110469007.04898
Exports of goods and services (current US$),NE.EXP.GNFS.CD,Samoa,WSM,..,..,215950586.701434,224166965.731542,219827050.496649,223684814.615909,242866240.586128,262465825.720697,280797717.085588,319834889.899906,253685010.659802,98617344.0852686
Exports of goods and services (current US$),NE.EXP.GNFS.CD,San Marino,SMR,..,..,..,..,..,2476172231.70798,2541293662.14114,2580002750.61004,2757689832.53493,2650504851.52829,2534952774.43283,..
Exports of goods and services (current US$),NE.EXP.GNFS.CD,Sao Tome and Principe,STP,..,..,..,..,..,..,..,..,..,..,..,..
Exports of goods and services (current US$),NE.EXP.GNFS.CD,Saudi Arabia,SAU,47445927903.8718,82259466666.6667,399419733333.333,387643939066.667,354541430160,218010394722.267,200860075477.285,239993341453.867,314916582179.44,285859922577.6,184162133333.333,289815259051.184
Exports of goods and services (current US$),NE.EXP.GNFS.CD,Senegal,SEN,1260610850.02542,1068191145.12931,3969170437.8146,4228273690.44235,4311504862.81418,4030818402.27452,4105254827.15654,4604564108.18992,5305072585.74858,5846879269.20642,5062666543.66159,6164686202.58536
Exports of goods and services (current US$),NE.EXP.GNFS.CD,Serbia,SRB,..,603908121.31229,15524118113.1093,19285832719.7744,19802613644.2046,17915468415.9932,19742887851.0468,22297844539.987,25540389777.4996,26277880390.9944,25727980783.864,34369191284.55
Exports of goods and services (current US$),NE.EXP.GNFS.CD,Seychelles,SYC,56494406.8654088,464069445.902902,1052393461.76299,1206057238.58255,1373146622.73476,1290380729.91385,1338731595.97871,1573337827.34214,1553148205.38994,1740810265.58258,824294564.754634,1051705333.76673
Exports of goods and services (current US$),NE.EXP.GNFS.CD,Sierra Leone,SLE,225361107.664701,115314755.508819,1251015326.47876,1408534692.48268,1542664519.09205,816852288.770686,915541736.271861,974210447.75792,713559228.928898,743850680.86731,613193854.919117,684275812.61922
Exports of goods and services (current US$),NE.EXP.GNFS.CD,Singapore,SGP,64045069989.2324,180957134570.766,580494438665.28,600013186286.262,604367926761.897,549431990107.652,525345783568.585,588223187776.088,665749110320.285,658106509309.485,627460752337.465,733772683289.914
Exports of goods and services (current US$),NE.EXP.GNFS.CD,Sint Maarten (Dutch part),SXM,..,..,1116927374.30168,1241284916.20112,1251843575.41899,1220502793.29609,1168882681.56425,932737430.167598,800000000,..,..,..
Exports of goods and services (current US$),NE.EXP.GNFS.CD,Slovak Republic,SVK,3035595479.93906,15558640381.8934,85948067099.9074,92447056101.7885,92713540271.7612,81433630598.25,84075231062.3372,90938562003.9578,101718182867.38,97158190776.1959,90771329910.7862,109303983019.064
Exports of goods and services (current US$),NE.EXP.GNFS.CD,Slovenia,SVN,14747182203.3898,10172240637.1072,33951293540.4586,35932394253.2632,38073728494.2795,33256871127.948,34738156236.3795,40389935067.0554,45938876526.1529,45475234205.1058,41751987336.4235,51640294109.3092
Exports of goods and services (current US$),NE.EXP.GNFS.CD,Solomon Islands,SLB,99652665.6442117,113777044.154925,591554274.526865,590652004.217965,565441405.773324,527878504.554816,548048614.780705,568501660.876842,680540710.468406,590941346.318545,429176711.227993,413778271.752531
Exports of goods and services (current US$),NE.EXP.GNFS.CD,Somalia,SOM,89748800.1761538,..,..,943000000,1050999998.26833,1038000000,1067000000,994000000,1119000001.18893,1131000000,1178000000,1532000002.30199
Exports of goods and services (current US$),NE.EXP.GNFS.CD,South Africa,ZAF,27148933018.256,37034352575.0022,117892612029.379,113768565563.408,110550033012.43,96085897668.3633,91109021408.9525,104288394992.827,111397081479.374,106059398607.865,93184053996.8722,130706766704.509
Exports of goods and services (current US$),NE.EXP.GNFS.CD,South Sudan,SSD,..,..,5110494406.77966,1794877728.81356,5360319322.0339,4397355862.60474,..,..,..,..,..,..
Exports of goods and services (current US$),NE.EXP.GNFS.CD,Spain,ESP,84372755468.4949,170912654970.981,416701933892.578,446689924483.531,459120571553.332,402038652995.312,417712027692.608,461350495658.824,499658310234.509,486713932627.45,393303808155.643,498633852806.194
Exports of goods and services (current US$),NE.EXP.GNFS.CD,Sri Lanka,LKA,2424288567.14928,6371581612.77756,..,..,..,16937418664.7863,17447582591.7681,19086840871.9393,20265385428.4833,19426214043.03,13031454761.1273,14985234582.1601
Exports of goods and services (current US$),NE.EXP.GNFS.CD,St. Kitts and Nevis,KNA,..,..,..,..,..,..,..,..,..,..,..,..
Exports of goods and services (current US$),NE.EXP.GNFS.CD,St. Lucia,LCA,..,..,..,..,..,..,..,..,..,..,..,..
Exports of goods and services (current US$),NE.EXP.GNFS.CD,St. Martin (French part),MAF,..,..,..,..,..,..,..,..,..,..,..,..
Exports of goods and services (current US$),NE.EXP.GNFS.CD,St. Vincent and the Grenadines,VCT,..,..,..,..,..,..,..,..,..,..,..,..
Exports of goods and services (current US$),NE.EXP.GNFS.CD,Sudan,SDN,1352844444.44444,1959294026.13566,7627752197.03331,7715881706.18903,514694137.949067,620703204.606934,733980858.702127,861795538.19912,197613737.100737,203915566.942149,124251341.090426,772804661.025641
Exports of goods and services (current US$),NE.EXP.GNFS.CD,Suriname,SUR,..,..,..,..,..,..,..,..,..,..,..,..
Exports of goods and services (current US$),NE.EXP.GNFS.CD,Sweden,SWE,73113159931.0671,113698565846.631,248769750722.6,249565101475.469,251793490103.538,221067597699.186,220140602021.142,236613045812.244,253749019031.884,255243590341.126,239868498785.734,289188445925.763
Exports of goods and services (current US$),NE.EXP.GNFS.CD,Switzerland,CHE,109915025914.195,143622369729.986,465237594281.164,508970903327.501,474699970370.027,443048390064.017,459636103721.801,461255257229.42,489600609479.659,483067666222.233,475816487338.12,571427242924.819
Exports of goods and services (current US$),NE.EXP.GNFS.CD,Syrian Arab Republic,SYR,6774342984.4098,29106013363.029,3331967948.29264,1661482225.61393,1508537235.51175,2353516162.38654,2731419918.38278,3165851599.58357,3185043561.67073,2919888217.50533,1637240366.06522,..
Exports of goods and services (current US$),NE.EXP.GNFS.CD,Tajikistan,TJK,..,746520252.372008,1318783375.8997,936778472.776122,835628645.495788,..,..,1125080412.17821,1116257977.0959,1243452530.84865,1409159166.43254,..
Exports of goods and services (current US$),NE.EXP.GNFS.CD,Tanzania,TZA,537502326.256217,1445821022.26551,8870642952.08565,8684876050.83966,9028248894.22578,8104068176.37201,8138037202.33099,8072894123.61055,8401855026.21565,9786707522.05209,8921772261.46267,9722217412.43074
Exports of goods and services (current US$),NE.EXP.GNFS.CD,Thailand,THA,29129233354.8299,81953041249.7071,274121307076.836,282342608865.456,278596296775.227,271423628448.042,277248331274.578,304266112351.87,328570049086.666,323768954766.23,257700623448.17,294505505502.375
Exports of goods and services (current US$),NE.EXP.GNFS.CD,Timor-Leste,TLS,..,38963800,82664338.5185479,77945685.2237663,66178355.9144249,48508505.4485342,51780040.1758844,38179922.9217464,45614258.0968532,433392096.449921,792950616.48666,2313517061.68549
Exports of goods and services (current US$),NE.EXP.GNFS.CD,Togo,TGO,545098033.23823,420973855.546544,1750943039.97424,2008533718.18888,1817014148.44905,1498688202.5508,1622914127.03491,1616151161.26276,1702908020.84449,1665137367.27933,1718961197.80537,1961685800.26318
Exports of goods and services (current US$),NE.EXP.GNFS.CD,Tonga,TON,38464269.1773422,29229150.1433714,80357543.217889,91727996.3086861,74648237.0468466,74117647.0588235,91158910.5339105,102006333.408731,104684109.76388,112508473.084203,99822518.5056924,58760261.6444971
Exports of goods and services (current US$),NE.EXP.GNFS.CD,Trinidad and Tobago,TTO,..,..,..,..,..,..,..,..,..,..,..,..
Exports of goods and services (current US$),NE.EXP.GNFS.CD,Tunisia,TUN,5353409090.90909,8531334354.70927,21721900633.8434,21854157936.8499,21398503681.4514,17579475938.0098,16988081936.6853,17591138298.7518,19416033850.9199,19255997818.9749,16143151756.5069,19667060297.012
Exports of goods and services (current US$),NE.EXP.GNFS.CD,Turkiye,TUR,20138041278.2139,54534716890.595,214511242594.655,227885405189.621,236668096321.682,212027919485.294,200755653918.744,223677664866.643,242516402203.629,247186366879.34,206961658804.897,289144107136.401
Exports of goods and services (current US$),NE.EXP.GNFS.CD,Turkmenistan,TKM,..,1604432627.78235,20688070175.4386,19535789473.6842,20360701754.386,12771714285.7143,8011714285.71429,8521428571.42857,9239000000,..,..,..
Exports of goods and services (current US$),NE.EXP.GNFS.CD,Turks and Caicos Islands,TCA,..,..,..,..,..,..,..,..,..,..,..,..
Exports of goods and services (current US$),NE.EXP.GNFS.CD,Tuvalu,TUV,..,..,..,..,..,..,..,..,..,..,..,..
Exports of goods and services (current US$),NE.EXP.GNFS.CD,Uganda,UGA,311669506.548833,659668069.160693,4230158408.06218,4774874221.32967,4874969999.04847,4170603023.99086,3629227706.06584,5122376588.30075,4967717819.77514,6048575654.6617,5796021005.28821,6396009317.21753
Exports of goods and services (current US$),NE.EXP.GNFS.CD,Ukraine,UKR,22517259875.2273,19521341127.1644,86517457139.2817,81719004128.6125,64873261712.6705,47880172307.2416,46023216039.8884,53943473977.8769,59208874836.8596,63448556040.4866,60801632198.8315,81532203091.6727
Exports of goods and services (current US$),NE.EXP.GNFS.CD,United Arab Emirates,ARE,..,..,375513955071.477,392244520081.688,401366643975.494,361252552756.978,360626276378.489,384043567052.417,392863172226.004,404046289993.193,335237576582.709,..
Exports of goods and services (current US$),NE.EXP.GNFS.CD,United Kingdom,GBR,255383023792.614,426840671811.167,822038504502.361,837265916868.215,870215925981.085,810910803121.76,773465222156.196,823064171922.556,898988137049.041,893047886902.181,790751711189.039,875196919682.023
Exports of goods and services (current US$),NE.EXP.GNFS.CD,United States,USA,551873000000,1096111000000,2217700000000,2286981000000,2377408000000,2268651000000,2232110000000,2388260000000,2538089000000,2538450000000,2148616000000,2539648000000
Exports of goods and services (current US$),NE.EXP.GNFS.CD,Uruguay,URY,2188214420.08414,3811049836.35823,13287539944.6594,13435347409.3821,13474880882.7325,11974918857.996,15427745685.0537,16795263097.8784,17029670981.2435,16991760618.2315,13435331107.0542,18675019828.6234
Exports of goods and services (current US$),NE.EXP.GNFS.CD,Uzbekistan,UZB,..,3393714865.37893,13008814596.5053,13633390838.3745,12971195677.9473,11866029001.6632,10623491735.0911,12880673616.6748,14190894323.4058,17026594789.1131,14547166672.5033,16436730538.4426
Exports of goods and services (current US$),NE.EXP.GNFS.CD,Vanuatu,VUT,74577139.9282419,106572568.370564,383721495.074889,391908400.983685,397180640.701667,336446179.988476,381590228.163171,419436694.960527,431897608.133255,471496742.422592,149852660.773098,94287476.3025057
Exports of goods and services (current US$),NE.EXP.GNFS.CD,"Venezuela, RB",VEN,18552560767.5906,34842594117.6471,99786475648.7072,91879401807.2488,80524231883.1355,..,..,..,..,..,..,..
Exports of goods and services (current US$),NE.EXP.GNFS.CD,Vietnam,VNM,2332325664.6457,16808688578.3564,124149068561.552,142758439428.572,162478896349.537,174473995760.124,190526867908.753,230041803995.333,261802606400.747,284737396050.819,292479898295.995,341575805638.176
Exports of goods and services (current US$),NE.EXP.GNFS.CD,Virgin Islands (U.S.),VIR,..,..,3278000000,2525000000,2794000000,1525000000,1786000000,2403000000,2084000000,2265000000,1621000000,..
Exports of goods and services (current US$),NE.EXP.GNFS.CD,West Bank and Gaza,PSE,..,885000000,1871100000,2111100000,2213600000,2244300000,2207100000,2536000000,2598000000,2659300000,2385300000,3180200000
Exports of goods and services (current US$),NE.EXP.GNFS.CD,"Yemen, Rep.",YEM,..,..,8802084839.89598,9036683924.79873,9287266913.30448,7776595655.82609,1871950806.951,2337719275.49046,1308592291.2785,..,..,..
Exports of goods and services (current US$),NE.EXP.GNFS.CD,Zambia,ZMB,..,861422399.382795,10222369008.995,11350236220.4724,10536766856.2145,7892388633.94057,7403491271.28836,9053912487.52298,9987196771.9419,8073235065.94259,8473994363.31027,11534130928.8908
Exports of goods and services (current US$),NE.EXP.GNFS.CD,Zimbabwe,ZWE,2008581800,2552871400,4306653100,4197687400,4080440700,3824969000,4098132100,3456996968.24637,8936584956.5772,5930390156.81594,5574671609.37956,7209542056.07477
Exports of goods and services (current US$),NE.EXP.GNFS.CD,Africa Eastern and Southern,AFE,52194032767.7456,73792410823.2,288474706703.804,284833265586.272,276779549497.986,212172697051.562,190393578010.341,220265006096.322,253156577006.262,236757789593.868,204172990917.701,277976211056.523
Exports of goods and services (current US$),NE.EXP.GNFS.CD,Africa Western and Central,AFW,30965147677.7998,50875510322.1878,250302511291.137,196323296544.212,207849275760.561,133484031243.339,116559773913.056,142334721550.049,170997679439.785,172550370966.01,124034932789.656,165790107626.667
Exports of goods and services (current US$),NE.EXP.GNFS.CD,Arab World,ARB,..,..,1528122681273.99,1509883223783.22,1417638104298.85,1044203750047.42,952433728008.642,1091120208241.29,1286518607054.78,1245498516074.49,933981691847.34,..
Exports of goods and services (current US$),NE.EXP.GNFS.CD,Caribbean small states,CSS,..,..,..,..,..,..,..,..,..,..,..,..
Exports of goods and services (current US$),NE.EXP.GNFS.CD,Central Europe and the Baltics,CEB,..,165215633563.981,797684166441.535,854407476246.8,896582392373.92,793676782540.777,823457555879.061,930794023159.42,1044101986792.45,1042363230172.66,986032061478.986,1218501413018.9
Exports of goods and services (current US$),NE.EXP.GNFS.CD,Early-demographic dividend,EAR,370171483062.936,850632422121.416,2906734037096.51,2897768607053.8,2819904936595.62,2394031340682.41,2376162174497.55,2675763533823.71,2958266207053.13,2907447111119.3,2462892556930.41,3285002462899.48
Exports of goods and services (current US$),NE.EXP.GNFS.CD,East Asia & Pacific,EAS,839449547269.77,1978787178637.11,6736116132648.95,6932374351951.81,7131178565042.5,6643769501698.56,6410561925306.49,7098211990480.21,7708257834614.88,7548115002741.5,7229766857946.78,8991049037131.77
Exports of goods and services (current US$),NE.EXP.GNFS.CD,East Asia & Pacific (excluding high income),EAP,151791954439.18,577120615973.026,3158624087283.9,3363122219928.73,3499147697709.11,3334564335357.93,3186069936056.51,3544844954955.07,3884607960321.66,3864003056076.05,3833490121849.8,4880977616574.94
Exports of goods and services (current US$),NE.EXP.GNFS.CD,East Asia & Pacific (IDA & IBRD countries),TEA,151469023435.302,575892816116.545,3153982005979.22,3358257936776.59,3494133279600.6,3329733580228.69,3181446798014.72,3539804035427.38,3879043811469.22,3858508160429.22,3827987325485.64,4874165806912.46
Exports of goods and services (current US$),NE.EXP.GNFS.CD,Euro area,EMU,1467020384629.81,2281260453331.72,5522208524819.69,5789557959247.16,6012304888977.57,5371564666504.17,5450645444168.54,5985072340553.04,6579975810133.16,6458205300650.48,5921379214808.24,7175421042339.58
Exports of goods and services (current US$),NE.EXP.GNFS.CD,Europe & Central Asia,ECS,2249961110107.55,3470788573284.97,9213921922802.29,9594951360439.88,9802878953783.41,8611481694078.17,8586506976248.64,9445360759000.44,10449601391216.8,10280789099557.6,9346144065180.49,11472306625324.2
Exports of goods and services (current US$),NE.EXP.GNFS.CD,Europe & Central Asia (excluding high income),ECA,179769292215.919,226979171599.879,1190390053118.42,1197274214532.91,1148721030172.19,863678004056.282,774985466144.758,922613877102.7,1086637673293.25,1069188645962.31,878012608965.824,1226007579036.75
Exports of goods and services (current US$),NE.EXP.GNFS.CD,Europe & Central Asia (IDA & IBRD countries),TEC,219701269938.87,289483145344.757,1496050782991.12,1534283887270.98,1507114419220.48,1186557624781.26,1114440504026.05,1312374217157.8,1529098053754.43,1518824222206.19,1312696415591.73,1771133365739.97
Exports of goods and services (current US$),NE.EXP.GNFS.CD,European Union,EUU,1654374347281.63,2597184468454.9,6556752518922.99,6877452875595.47,7146600245406.56,6376697545128.35,6478343214145.8,7129740219210.36,7847653285111.59,7730546787220.92,7125780825655.7,8651890652076.96
Exports of goods and services (current US$),NE.EXP.GNFS.CD,Fragile and conflict affected situations,FCS,106804732059.965,192477199398.424,616443706837.701,531614509732.769,485721882954.109,320173952806.387,269622760362.517,343582509127.105,441539727849.91,434158390058.819,323594559664.67,432265101636.51
Exports of goods and services (current US$),NE.EXP.GNFS.CD,Heavily indebted poor countries (HIPC),HPC,25030928823.703,36376197191.7989,165257171643.66,170851072122.613,170765711102.105,144956101399.656,139914326111.078,164089005124.796,181446293534.876,184274909815.966,159618732761.96,208367953103.779
Exports of goods and services (current US$),NE.EXP.GNFS.CD,High income,HIC,3615221815260.43,6402523304637.65,15841629906621.9,16299061754873.2,16674837453432.4,14941538256271.2,14818007977660.4,16169381044329.4,17607597779212.9,17281102228654.8,15554208623905.1,18881769723021.2
Exports of goods and services (current US$),NE.EXP.GNFS.CD,IBRD only,IBD,663885744560.148,1533117805218.26,7063476770340.27,7262646202057.77,7266776952866.85,6407259443256.65,6172555891025.33,6975244030380.77,7742149387206.92,7635364540662.89,7076166473985.42,9235035533557.42
Exports of goods and services (current US$),NE.EXP.GNFS.CD,IDA & IBRD total,IBT,728110871992.581,1665712620069.11,7509831965984.45,7670282303617.61,7696857921704.53,6757095546727.46,6497690762327.84,7348152117046.5,8168701883153.72,8073190794399.97,7440395062939.6,9681554196558.39
Exports of goods and services (current US$),NE.EXP.GNFS.CD,IDA blend,IDB,31513651323.8962,54490025934.4628,242171307989.654,188782244969.993,201288522038.171,132949908821.534,112323695591.704,130818823100.036,164276001061.052,162288792305.725,116562823876.062,144824280731.859
Exports of goods and services (current US$),NE.EXP.GNFS.CD,IDA only,IDX,..,82810420947.2902,211114620189.527,222022776910.528,233167986535.064,217749290225.108,212640538289.754,242235483236.981,263499873499.262,277403648533.814,246790243186.457,298286343492.197
Exports of goods and services (current US$),NE.EXP.GNFS.CD,IDA total,IDA,66912604527.9046,137092206277.473,451440361276.21,409819159583.93,433345386824.136,351396837125.371,326164103723.329,374384510787.829,428871899682.416,441023461708.151,364700952382.594,444798534071.906
Exports of goods and services (current US$),NE.EXP.GNFS.CD,Late-demographic dividend,LTE,428475616166.833,1082199517183.5,5643208069716.97,5917102498047.53,6030763811741.54,5454378196469.32,5219592619669.13,5853531160837.02,6516601462353.69,6480921059412.12,6219875438900.06,7946018901828.13
Exports of goods and services (current US$),NE.EXP.GNFS.CD,Latin America & Caribbean,LCN,200033454627.559,477304855809.432,1359377504706.69,1354666432632.05,1327961275302.85,1173968156628.89,1165831989774.38,1282808096961.08,1371311643159.16,1366025231725.92,1189093548286.72,1506972492835.31
Exports of goods and services (current US$),NE.EXP.GNFS.CD,Latin America & Caribbean (excluding high income),LAC,136774741500.773,351012303179.163,1036290432684.78,1037975762471.09,1027916163580.29,924535922686.052,914259664661.221,1014096552983.27,1100583818309.21,1098481195115.93,944918635858.884,1211383989274.45
Exports of goods and services (current US$),NE.EXP.GNFS.CD,Latin America & the Caribbean (IDA & IBRD countries),TLA,165945447747.147,422421380448.851,1267633989290.26,1259344064100.89,1233042615145.39,1075606154265.97,1066954152296.34,1184248675438.84,1283539134195.69,1276136112449.55,1109509592426.61,1428183853042.56
Exports of goods and services (current US$),NE.EXP.GNFS.CD,Least developed countries: UN classification,LDC,..,41174866148.0149,223128531719.3,234921603564.733,238115001918.251,186623293354.242,168857557427.002,197603662443.854,228257607260.723,233922154937.154,213865734320.165,256679569601.818
Exports of goods and services (current US$),NE.EXP.GNFS.CD,Low & middle income,LMY,669516733311.07,1535770980697.68,6980585624994.96,7119307500004.47,7140231112875.83,6290136713483.98,6013869363154.3,6796327331727.73,7550532782940.17,7453331349436.81,6845454218929.15,8924337588394.69
Exports of goods and services (current US$),NE.EXP.GNFS.CD,Low income,LIC,..,55296456124.5398,94976195652.2364,95237689397.9508,95322371024.5981,80428660183.4,68865831960.2356,86046103043.7094,93542556652.2711,89335174743.5297,90077969788.2142,114476764516.579
Exports of goods and services (current US$),NE.EXP.GNFS.CD,Lower middle income,LMC,192199202183.161,391349987951.897,1764380683965.17,1731605169094.97,1718398144717.63,1463137352713.21,1477269014870.05,1692163488688.57,1864530257382.61,1851272513199.84,1639864139784.97,2115732458292.57
Exports of goods and services (current US$),NE.EXP.GNFS.CD,Middle East & North Africa,MEA,..,412775775386.23,1769027106267.03,1737343020756.49,1636210281929.91,1228733261062.36,1160163308341.27,1323050927447.99,1517365987305.96,1448183311452.21,1114898706224.07,..
Exports of goods and services (current US$),NE.EXP.GNFS.CD,Middle East & North Africa (excluding high income),MNA,93771495970.8744,170622326783.603,527092160050.25,480628290939.778,422032216187.786,318967004004.596,304301765270.628,362543634406.523,416471196125.279,379608017049.546,268787572268.468,376950239571.863
Exports of goods and services (current US$),NE.EXP.GNFS.CD,Middle East & North Africa (IDA & IBRD countries),TMN,93311290761.6581,169728373001.955,525224047718.734,478517190939.778,419818616187.786,316722704004.596,302094665270.628,360007634406.523,413873196125.28,376948717049.546,266359363456.05,373727922942.557
Exports of goods and services (current US$),NE.EXP.GNFS.CD,Middle income,MIC,650702637173.987,1487350944127.53,6889140105746.78,7027457420702.86,7048282571790.18,6212244735475.83,5946430919138.36,6712909389985.02,7459656314709.34,7366259989587.28,6758815411769.12,8813787521683.21
Exports of goods and services (current US$),NE.EXP.GNFS.CD,North America,NAC,702349597449.244,1427432125792.13,2775886329782.69,2850426980443,2953772656253.85,2767723780357.73,2716871379980.24,2910493528219.71,3098748282843.12,3098142594082.7,2635015381942.47,3154319107735.12
Exports of goods and services (current US$),NE.EXP.GNFS.CD,Not classified,INX,..,..,..,..,..,..,..,..,..,..,..,..
Exports of goods and services (current US$),NE.EXP.GNFS.CD,OECD members,OED,3305464108843.8,5783869916727.72,13532589417514.7,13912589661862.9,14318506405977,12960722614658.2,12909422043897.2,14063922700399.5,15300290188270.2,15085115949486.3,13583960071073,16408110388907.6
Exports of goods and services (current US$),NE.EXP.GNFS.CD,Other small states,OSS,..,61568117098.8719,307075826714.343,314495192533.181,309769151234.875,231259991446.866,209994070693.427,239226928917.685,272947213684.925,259946621659.852,214902791276.254,300763216577.563
Exports of goods and services (current US$),NE.EXP.GNFS.CD,Pacific island small states,PSS,1191635382.13446,1544720492.4417,4007535708.00062,4006987407.95089,4132104475.41831,3718431237.59213,3849541323.11439,4121141049.97189,4503669083.26656,4475682073.25332,2434555224.41897,2145267886.26359
Exports of goods and services (current US$),NE.EXP.GNFS.CD,Post-demographic dividend,PST,3352083867569.16,5747196640306.51,13499066827424.6,13874602373900.7,14205035693916.9,12776214988051.7,12689411877184.2,13808572893275.4,14981456340506.3,14673602984260.8,13123322759351.7,15810060177438.8
Exports of goods and services (current US$),NE.EXP.GNFS.CD,Pre-demographic dividend,PRE,58589780794.7328,105795323355.112,458698737822.185,400002832116.675,402919532496.886,251141712948.223,205078658243.066,259485393427.299,331800379557.338,320321632225.813,232726822267.964,320452388797.61
Exports of goods and services (current US$),NE.EXP.GNFS.CD,Small states,SST,..,79315525660.9802,351333668762.816,359542975978.949,354734925307.56,269120328816.544,245751770101.143,278511045237.278,317289945257.496,303613012071.877,245341743835.413,340049230004.644
Exports of goods and services (current US$),NE.EXP.GNFS.CD,South Asia,SAS,33778349210.278,86398009199.8098,527550350641.661,558077800574.89,557176443265.784,503492657706.008,528112887352.018,590336335494.697,638343416966.29,633295084713.603,584921098331.057,778693504373.023
Exports of goods and services (current US$),NE.EXP.GNFS.CD,South Asia (IDA & IBRD),TSA,33778349210.278,86398009199.8098,527550350641.661,558077800574.89,557176443265.784,503492657706.008,528112887352.018,590336335494.697,638343416966.29,633295084713.603,584921098331.057,778693504373.023
Exports of goods and services (current US$),NE.EXP.GNFS.CD,Sub-Saharan Africa,SSF,83015447547.1738,124245168071.662,539127893420.254,481198469668.855,484737931955.293,345636858736.34,306922618107.259,362594155292.174,424177518913.745,409380490062.392,328547564874.374,444266478266.108
Exports of goods and services (current US$),NE.EXP.GNFS.CD,Sub-Saharan Africa (excluding high income),SSA,82992776108.4557,123769661491.682,538074260566.177,479989041547.89,483360361892.974,344341301931.194,305578037251.045,361013960633.364,422618216259.468,407632169068.339,327727394070.232,443221505193.315
Exports of goods and services (current US$),NE.EXP.GNFS.CD,Sub-Saharan Africa (IDA & IBRD countries),TSS,83015447547.1738,124245168071.661,539127893420.254,481198469668.854,484737931955.293,345636858736.34,306922618107.259,362594155292.174,424177518913.745,409380490062.392,328547564874.374,444266478266.108
Exports of goods and services (current US$),NE.EXP.GNFS.CD,Upper middle income,UMC,460130680694.155,1096868213304.28,5128681733193.46,5298517424926.35,5332232199999.31,4750363297722.66,4470944618167.77,5023031215795.08,5597499276960.16,5517419883090.55,5120980834774.22,6700591389238.59
Exports of goods and services (current US$),NE.EXP.GNFS.CD,World,WLD,4312108642734.73,7980541548206.7,22922491695656.9,23510953770440.7,23896753719135.5,21280803500656.8,20880398983139,23018717503300.7,25215911289175.5,24791122916237.2,22450581117963.4,27876839181500.9
,,,,,,,,,,,,,,,
,,,,,,,,,,,,,,,
,,,,,,,,,,,,,,,
Data from database: World Development Indicators,,,,,,,,,,,,,,,
Last Updated: 12/22/2022,,,,,,,,,,,,,,,
