Country Name,Country Code,Series Name,Series Code,2012 [YR2012],2013 [YR2013],2014 [YR2014],2015 [YR2015],2016 [YR2016],2017 [YR2017],2018 [YR2018],2019 [YR2019],2020 [YR2020],2021 [YR2021]
Afghanistan,AFG,Political Stability and Absence of Violence/Terrorism: Estimate,PV.EST,-2.41856145858765,-2.51934909820557,-2.41106843948364,-2.57122182846069,-2.67105388641357,-2.80108380317688,-2.76386427879334,-2.65553116798401,-2.70502972602844,-2.52985525131226
Albania,ALB,Political Stability and Absence of Violence/Terrorism: Estimate,PV.EST,-0.143631592392921,0.0919297859072685,0.485986232757568,0.346129059791565,0.344644665718079,0.378474771976471,0.370515644550323,0.111168630421162,0.0875523090362549,0.109445847570896
Algeria,DZA,Political Stability and Absence of Violence/Terrorism: Estimate,PV.EST,-1.32504332065582,-1.20237147808075,-1.19053518772125,-1.0901597738266,-1.09752571582794,-0.915799140930176,-0.836119592189789,-1.04434263706207,-0.840253829956055,-0.876465022563934
American Samoa,ASM,Political Stability and Absence of Violence/Terrorism: Estimate,PV.EST,0.952990829944611,0.928985774517059,1.08068346977234,1.18135726451874,1.19323575496674,1.21886312961578,1.2167763710022,1.17218911647797,1.17400634288788,1.0492981672287
Andorra,AND,Political Stability and Absence of Violence/Terrorism: Estimate,PV.EST,1.29035115242004,1.28392601013184,1.28659331798553,1.39128828048706,1.41341936588287,1.42186880111694,1.41762721538544,1.60220229625702,1.6160352230072,1.63180875778198
Angola,AGO,Political Stability and Absence of Violence/Terrorism: Estimate,PV.EST,-0.389322549104691,-0.39123347401619,-0.333232045173645,-0.500897765159607,-0.315898835659027,-0.380449026823044,-0.335691750049591,-0.358524978160858,-0.514614641666412,-0.710836231708527
Anguilla,AIA,Political Stability and Absence of Violence/Terrorism: Estimate,PV.EST,1.47692024707794,1.53397953510284,1.16425490379333,1.249272108078,1.31534373760223,1.38945150375366,1.28740572929382,1.35569405555725,1.54516518115997,1.58549845218658
Antigua and Barbuda,ATG,Political Stability and Absence of Violence/Terrorism: Estimate,PV.EST,0.975788056850433,0.958863377571106,0.984550714492798,1.00472450256348,0.878607213497162,0.748045027256012,0.840856850147247,0.953555166721344,0.94066995382309,0.955552101135254
Argentina,ARG,Political Stability and Absence of Violence/Terrorism: Estimate,PV.EST,0.103040546178818,0.0653142631053925,-0.00512187136337161,0.014785380102694,0.204625502228737,0.169504255056381,0.0108913751319051,-0.0914442017674446,-0.0792135149240494,-0.106366641819477
Armenia,ARM,Political Stability and Absence of Violence/Terrorism: Estimate,PV.EST,0.154794976115227,0.11038514226675,-0.297135800123215,-0.252332627773285,-0.662263810634613,-0.620771169662476,-0.444908142089844,-0.413424372673035,-0.760855317115784,-0.835592269897461
Aruba,ABW,Political Stability and Absence of Violence/Terrorism: Estimate,PV.EST,1.26388156414032,1.31222629547119,1.16456782817841,1.23092126846313,1.28419923782349,1.33503770828247,1.35655319690704,1.34979605674744,1.39027285575867,1.47433543205261
Australia,AUS,Political Stability and Absence of Violence/Terrorism: Estimate,PV.EST,0.997997224330902,1.03107297420502,1.03219199180603,0.884979844093323,1.04795801639557,0.896060824394226,0.989603996276855,0.911745727062225,0.850844323635101,0.850988686084747
Austria,AUT,Political Stability and Absence of Violence/Terrorism: Estimate,PV.EST,1.34056687355042,1.36410057544708,1.27070045471191,1.14307928085327,0.90963876247406,1.04683256149292,0.902334034442902,0.91674792766571,0.912809431552887,0.914891123771667
Azerbaijan,AZE,Political Stability and Absence of Violence/Terrorism: Estimate,PV.EST,-0.715751826763153,-0.412859916687012,-0.559909522533417,-0.729565560817719,-0.803879082202911,-0.747919917106628,-0.706759810447693,-0.685912430286407,-0.839061498641968,-0.853478372097015
"Bahamas, The",BHS,Political Stability and Absence of Violence/Terrorism: Estimate,PV.EST,1.18402600288391,1.13482463359833,0.956470131874084,0.907476484775543,0.975418746471405,0.98958545923233,0.862895131111145,0.816237688064575,0.84550529718399,0.87671947479248
Bahrain,BHR,Political Stability and Absence of Violence/Terrorism: Estimate,PV.EST,-1.12995493412018,-1.33541774749756,-0.907474875450134,-1.07354021072388,-0.793425679206848,-0.96156370639801,-0.850452601909637,-0.627359509468079,-0.617841720581055,-0.505110561847687
Bangladesh,BGD,Political Stability and Absence of Violence/Terrorism: Estimate,PV.EST,-1.37908899784088,-1.62785887718201,-0.895563185214996,-1.2120178937912,-1.26193678379059,-1.2560807466507,-0.99567836523056,-0.932975292205811,-0.922474503517151,-0.970162391662598
Barbados,BRB,Political Stability and Absence of Violence/Terrorism: Estimate,PV.EST,1.18596565723419,1.26692914962769,1.2779198884964,1.13536131381989,0.976609885692596,0.966827690601349,0.913432478904724,1.04922747612,1.12841629981995,1.12222194671631
Belarus,BLR,Political Stability and Absence of Violence/Terrorism: Estimate,PV.EST,0.0686152204871178,0.00595916621387005,0.179782152175903,0.110016517341137,0.142281472682953,-0.0534833818674088,0.348057150840759,0.332389116287231,-0.895924508571625,-0.736605405807495
Belgium,BEL,Political Stability and Absence of Violence/Terrorism: Estimate,PV.EST,0.923599720001221,0.940082728862762,0.701269447803497,0.587094604969025,0.441367298364639,0.428185820579529,0.402350127696991,0.473777532577515,0.543469667434692,0.612554728984833
Belize,BLZ,Political Stability and Absence of Violence/Terrorism: Estimate,PV.EST,0.180257618427277,0.176189258694649,0.0485830754041672,0.0430975817143917,0.0606221370398998,0.0357257314026356,0.00317970826290548,0.0630388632416725,0.517693102359772,0.460716962814331
Benin,BEN,Political Stability and Absence of Violence/Terrorism: Estimate,PV.EST,0.364367604255676,0.301189363002777,0.027139762416482,-0.0135139580816031,-0.00202717096544802,0.0308955386281013,-0.141175642609596,-0.412667959928513,-0.425504684448242,-0.301340490579605
Bermuda,BMU,Political Stability and Absence of Violence/Terrorism: Estimate,PV.EST,0.98025369644165,0.970303058624268,0.913897812366486,0.983049035072327,0.999670088291168,1.00191104412079,1.15247452259064,1.06507384777069,1.00745189189911,1.0061514377594
Bhutan,BTN,Political Stability and Absence of Violence/Terrorism: Estimate,PV.EST,0.776309490203857,0.784624874591827,1.06803858280182,0.974714994430542,1.1232967376709,1.11712992191315,1.09390616416931,1.08209586143494,1.02367961406708,0.973133087158203
Bolivia,BOL,Political Stability and Absence of Violence/Terrorism: Estimate,PV.EST,-0.45806810259819,-0.32859343290329,-0.333112090826035,-0.268487215042114,-0.248866364359856,-0.278028756380081,-0.287118524312973,-0.730085670948029,-0.459805071353912,-0.318567305803299
Bosnia and Herzegovina,BIH,Political Stability and Absence of Violence/Terrorism: Estimate,PV.EST,-0.538148701190948,-0.404944121837616,-0.0191790424287319,-0.402437001466751,-0.397838830947876,-0.348237305879593,-0.395599693059921,-0.418754309415817,-0.443297356367111,-0.380582392215729
Botswana,BWA,Political Stability and Absence of Violence/Terrorism: Estimate,PV.EST,1.10404145717621,1.10234701633453,1.01184713840485,1.04209184646606,0.99456000328064,1.02250838279724,0.970987856388092,1.11105513572693,1.02614223957062,0.978377819061279
Brazil,BRA,Political Stability and Absence of Violence/Terrorism: Estimate,PV.EST,0.0459616407752037,-0.258553296327591,-0.070290133357048,-0.33145809173584,-0.377205431461334,-0.473864614963531,-0.440423458814621,-0.713788211345673,-0.431489855051041,-0.485006988048553
Brunei Darussalam,BRN,Political Stability and Absence of Violence/Terrorism: Estimate,PV.EST,0.909327208995819,1.07402229309082,1.26150703430176,1.24266231060028,1.15417206287384,1.16030538082123,1.24135971069336,1.10879898071289,1.18235063552856,1.16864395141602
Bulgaria,BGR,Political Stability and Absence of Violence/Terrorism: Estimate,PV.EST,0.379833996295929,0.170710384845734,0.0785408988595009,0.0173221882432699,0.0773332640528679,0.332049906253815,0.456277936697006,0.578860998153687,0.418060213327408,0.458269119262695
Burkina Faso,BFA,Political Stability and Absence of Violence/Terrorism: Estimate,PV.EST,-0.573129236698151,-0.763390123844147,-0.787128567695618,-0.611107409000397,-0.86737585067749,-0.926977336406708,-1.05928659439087,-1.30238652229309,-1.53830862045288,-1.63874197006226
Burundi,BDI,Political Stability and Absence of Violence/Terrorism: Estimate,PV.EST,-1.7047381401062,-1.35027754306793,-0.784407138824463,-1.93951082229614,-1.97072076797485,-2.00786924362183,-1.57177233695984,-1.61515891551971,-1.53703701496124,-1.36397981643677
Cabo Verde,CPV,Political Stability and Absence of Violence/Terrorism: Estimate,PV.EST,0.809086382389069,0.777999877929688,0.350779145956039,0.867810428142548,0.886215627193451,0.774638414382935,0.845823168754578,0.87394255399704,0.887429535388947,0.902458488941193
Cambodia,KHM,Political Stability and Absence of Violence/Terrorism: Estimate,PV.EST,-0.103577204048634,-0.136436149477959,0.0231748018413782,0.0619422867894173,0.211037829518318,0.0912219732999802,0.103041842579842,-0.0894938632845879,-0.233859464526176,-0.132115364074707
Cameroon,CMR,Political Stability and Absence of Violence/Terrorism: Estimate,PV.EST,-0.588517427444458,-0.53223729133606,-1.05925238132477,-0.989607453346252,-1.06213688850403,-1.09584307670593,-1.40416753292084,-1.55921673774719,-1.50061810016632,-1.40651059150696
Canada,CAN,Political Stability and Absence of Violence/Terrorism: Estimate,PV.EST,1.11301624774933,1.06142175197601,1.17550384998322,1.27469778060913,1.25605857372284,1.10206270217896,0.979125916957855,1.01676774024963,1.02984178066254,0.936902642250061
Cayman Islands,CYM,Political Stability and Absence of Violence/Terrorism: Estimate,PV.EST,0.959384381771088,1.01761531829834,1.04634726047516,1.15341758728027,1.16849637031555,1.19080126285553,1.13893413543701,1.43329429626465,1.49536180496216,1.66770052909851
Central African Republic,CAF,Political Stability and Absence of Violence/Terrorism: Estimate,PV.EST,-1.85292291641235,-2.15489673614502,-2.69919323921204,-1.9047646522522,-1.78926682472229,-2.00654268264771,-2.18338584899902,-2.13827180862427,-2.23451399803162,-2.10453534126282
Chad,TCD,Political Stability and Absence of Violence/Terrorism: Estimate,PV.EST,-1.04411733150482,-1.08947229385376,-1.56888270378113,-0.974552571773529,-1.3023647069931,-1.28752791881561,-1.48327243328094,-1.3437432050705,-1.24530780315399,-1.33553969860077
Chile,CHL,Political Stability and Absence of Violence/Terrorism: Estimate,PV.EST,0.331102102994919,0.363742530345917,0.447516918182373,0.43343922495842,0.41311052441597,0.417135536670685,0.4273601770401,0.00792970694601536,0.0691350102424622,0.0626366063952446
China,CHN,Political Stability and Absence of Violence/Terrorism: Estimate,PV.EST,-0.538782060146332,-0.543789923191071,-0.522584021091461,-0.550294637680054,-0.499395042657852,-0.231018081307411,-0.300023287534714,-0.256689161062241,-0.329402893781662,-0.481860131025314
Colombia,COL,Political Stability and Absence of Violence/Terrorism: Estimate,PV.EST,-1.40181040763855,-1.29197180271149,-1.11459410190582,-1.06914663314819,-0.882459342479706,-0.772707641124725,-0.796931743621826,-0.949501574039459,-0.663913071155548,-0.914076626300812
Comoros,COM,Political Stability and Absence of Violence/Terrorism: Estimate,PV.EST,-0.452308028936386,-0.256929188966751,-0.186910167336464,-0.232791468501091,0.0357599034905434,0.0361180976033211,-0.346280336380005,-0.154699191451073,-0.270785212516785,-0.227460592985153
"Congo, Dem. Rep.",COD,Political Stability and Absence of Violence/Terrorism: Estimate,PV.EST,-2.08589291572571,-2.19219064712524,-2.16792130470276,-2.15085434913635,-2.23462152481079,-2.30224871635437,-2.10578107833862,-1.59389889240265,-1.74229800701141,-1.61466693878174
"Congo, Rep.",COG,Political Stability and Absence of Violence/Terrorism: Estimate,PV.EST,-0.489689856767654,-0.475050121545792,-0.359291583299637,-0.526365995407104,-0.519269526004791,-0.531724035739899,-0.348404228687286,-0.896963596343994,-0.81023234128952,-0.606616318225861
Cook Islands,COK,Political Stability and Absence of Violence/Terrorism: Estimate,PV.EST,..,..,..,..,..,..,0.856897532939911,1.06475675106049,1.11600577831268,1.11228835582733
Costa Rica,CRI,Political Stability and Absence of Violence/Terrorism: Estimate,PV.EST,0.638402462005615,0.677918016910553,0.577418208122253,0.682025492191315,0.661428332328796,0.60882556438446,0.469464212656021,0.452292859554291,0.770961821079254,0.872772753238678
Cote d'Ivoire,CIV,Political Stability and Absence of Violence/Terrorism: Estimate,PV.EST,-1.26346111297607,-1.04872417449951,-1.03716063499451,-0.832545936107636,-0.907559335231781,-1.09023678302765,-0.898689389228821,-1.02604556083679,-1.03098595142365,-0.952860295772552
Croatia,HRV,Political Stability and Absence of Violence/Terrorism: Estimate,PV.EST,0.606891453266144,0.642667889595032,0.619112372398376,0.590728044509888,0.663769483566284,0.692031919956207,0.802806496620178,0.694699943065643,0.611546874046326,0.707874298095703
Cuba,CUB,Political Stability and Absence of Violence/Terrorism: Estimate,PV.EST,0.307248294353485,0.370564639568329,0.544822037220001,0.644101679325104,0.68536388874054,0.64705628156662,0.648924589157104,0.603123068809509,0.587794721126556,0.427318871021271
Cyprus,CYP,Political Stability and Absence of Violence/Terrorism: Estimate,PV.EST,0.635126054286957,0.563347160816193,0.551882088184357,0.550866484642029,0.604254722595215,0.537865459918976,0.491742968559265,0.557369947433472,0.308603942394257,0.443113803863525
Czech Republic,CZE,Political Stability and Absence of Violence/Terrorism: Estimate,PV.EST,1.05410611629486,1.08477854728699,0.989990472793579,0.979189097881317,0.976115524768829,1.0000364780426,1.03198218345642,0.94388747215271,0.922095715999603,0.957600653171539
Denmark,DNK,Political Stability and Absence of Violence/Terrorism: Estimate,PV.EST,0.914910674095154,0.959233462810516,0.951779723167419,0.897649824619293,0.867915451526642,0.868414878845215,0.94625061750412,0.995625197887421,0.950011312961578,0.949907004833221
Djibouti,DJI,Political Stability and Absence of Violence/Terrorism: Estimate,PV.EST,0.160619214177132,-0.102187521755695,-0.770232260227203,-0.443531572818756,-0.626400411128998,-0.736858665943146,-0.137615531682968,-0.351149469614029,-0.454957455396652,-0.707261562347412
Dominica,DMA,Political Stability and Absence of Violence/Terrorism: Estimate,PV.EST,0.98058545589447,1.11985623836517,1.05717813968658,1.0779412984848,1.00243771076202,1.19814896583557,1.09615743160248,1.06745707988739,1.35524475574493,1.39232003688812
Dominican Republic,DOM,Political Stability and Absence of Violence/Terrorism: Estimate,PV.EST,0.252366811037064,0.207428693771362,0.145934492349625,0.236706420779228,0.252106040716171,0.160588473081589,0.0239203125238419,0.00530691398307681,0.157672181725502,0.137410506606102
Ecuador,ECU,Political Stability and Absence of Violence/Terrorism: Estimate,PV.EST,-0.570306479930878,-0.178656712174416,-0.0185332093387842,-0.143955871462822,-0.0853579640388489,-0.0748538672924042,-0.0892776921391487,-0.232956856489182,-0.26937061548233,-0.266253769397736
"Egypt, Arab Rep.",EGY,Political Stability and Absence of Violence/Terrorism: Estimate,PV.EST,-1.43632972240448,-1.63883090019226,-1.63117659091949,-1.49664568901062,-1.43769657611847,-1.42452728748322,-1.18004941940308,-1.11419188976288,-1.16615056991577,-1.02420508861542
El Salvador,SLV,Political Stability and Absence of Violence/Terrorism: Estimate,PV.EST,0.234583973884583,-0.0336589030921459,-0.0245900042355061,-0.0169973652809858,-0.0992913693189621,-0.260043442249298,-0.387688457965851,-0.10641810297966,-0.121829323470592,-0.211234390735626
Equatorial Guinea,GNQ,Political Stability and Absence of Violence/Terrorism: Estimate,PV.EST,0.232703447341919,0.120355181396008,-0.374146550893784,-0.205352425575256,-0.140868633985519,-0.170453146100044,-0.0923801511526108,-0.156219750642776,-0.234325990080833,-0.286741405725479
Eritrea,ERI,Political Stability and Absence of Violence/Terrorism: Estimate,PV.EST,-0.702197253704071,-0.772372126579285,-0.805872619152069,-0.876751303672791,-0.656912088394165,-0.729676008224487,-0.605879247188568,-0.698492646217346,-0.980664789676666,-1.00578594207764
Estonia,EST,Political Stability and Absence of Violence/Terrorism: Estimate,PV.EST,0.636465191841125,0.748215436935425,0.780257880687714,0.620919823646545,0.67390775680542,0.649775385856628,0.587392687797546,0.633256256580353,0.718465983867645,0.755603730678558
Eswatini,SWZ,Political Stability and Absence of Violence/Terrorism: Estimate,PV.EST,-0.407692342996597,-0.431911140680313,-0.500559747219086,-0.476151049137115,-0.488716840744019,-0.267025798559189,-0.373443812131882,-0.27455285191536,-0.0559168234467506,-0.0301357265561819
Ethiopia,ETH,Political Stability and Absence of Violence/Terrorism: Estimate,PV.EST,-1.56427133083344,-1.40730738639832,-1.3393874168396,-1.49818742275238,-1.61981320381165,-1.67985856533051,-1.27961659431458,-1.30507278442383,-1.75767660140991,-2.06836009025574
Fiji,FJI,Political Stability and Absence of Violence/Terrorism: Estimate,PV.EST,-0.0677748322486877,-0.0510276891291142,0.553164601325989,0.580308675765991,0.917814970016479,0.619655013084412,0.86223304271698,0.777670383453369,0.681053280830383,0.667941689491272
Finland,FIN,Political Stability and Absence of Violence/Terrorism: Estimate,PV.EST,1.40076518058777,1.38517248630524,1.28219723701477,1.04058730602264,0.999086499214172,1.08090913295746,0.908358991146088,0.85165673494339,1.00510346889496,0.981907784938812
France,FRA,Political Stability and Absence of Violence/Terrorism: Estimate,PV.EST,0.554941534996033,0.448744118213654,0.300568491220474,0.106706373393536,-0.095359094440937,0.279077589511871,0.0291557349264622,0.299382239580154,0.324910908937454,0.371733695268631
French Guiana,GUF,Political Stability and Absence of Violence/Terrorism: Estimate,PV.EST,0.215082257986069,0.218277126550674,0.527634024620056,0.568954765796661,0.550957083702087,0.499761283397675,0.520632386207581,0.261218845844269,0.32086119055748,0.312545955181122
Gabon,GAB,Political Stability and Absence of Violence/Terrorism: Estimate,PV.EST,0.293291419744492,0.330102741718292,0.149542808532715,0.0211869589984417,-0.104910977184772,-0.103024840354919,-0.253804445266724,-0.0742617398500443,-0.0681400299072266,-0.0859756395220757
"Gambia, The",GMB,Political Stability and Absence of Violence/Terrorism: Estimate,PV.EST,-0.000778838410042226,-0.04863640666008,-0.151400715112686,0.0195885691791773,-0.4344123005867,-0.0840129181742668,-0.0744310021400452,0.224721387028694,0.256434142589569,0.175200670957565
Georgia,GEO,Political Stability and Absence of Violence/Terrorism: Estimate,PV.EST,-0.680453956127167,-0.441366165876389,-0.321507543325424,-0.466081887483597,-0.313291490077972,-0.370796114206314,-0.441573560237885,-0.488382637500763,-0.415690362453461,-0.423428177833557
Germany,DEU,Political Stability and Absence of Violence/Terrorism: Estimate,PV.EST,0.775621294975281,0.92798388004303,0.925186455249786,0.699824273586273,0.68136340379715,0.587721467018127,0.591275334358215,0.574308574199677,0.684574544429779,0.75599604845047
Ghana,GHA,Political Stability and Absence of Violence/Terrorism: Estimate,PV.EST,0.130694985389709,0.0606060847640038,-0.106807962059975,-0.0320993326604366,-0.130928620696068,0.0918345004320145,-0.0255167707800865,0.134411945939064,0.184312224388123,0.0664478614926338
Greece,GRC,Political Stability and Absence of Violence/Terrorism: Estimate,PV.EST,-0.217248693108559,-0.171341717243195,-0.140445962548256,-0.230252355337143,-0.121599182486534,-0.0735725536942482,0.165943771600723,0.181738212704659,0.131213709712029,0.154484167695045
Greenland,GRL,Political Stability and Absence of Violence/Terrorism: Estimate,PV.EST,1.93440723419189,1.93195283412933,1.9245411157608,1.94313764572144,1.96506154537201,1.92335283756256,1.92988061904907,1.8838939666748,1.90908241271973,1.88407135009766
Grenada,GRD,Political Stability and Absence of Violence/Terrorism: Estimate,PV.EST,0.492649018764496,0.426174342632294,0.774568855762482,0.790708482265472,1.01893246173859,1.00916135311127,0.985475182533264,0.953555166721344,1.03756523132324,1.04173004627228
Guam,GUM,Political Stability and Absence of Violence/Terrorism: Estimate,PV.EST,0.780917644500732,0.798485517501831,0.750133275985718,0.807903051376343,0.675275146961212,0.699833035469055,0.699491858482361,0.89254629611969,0.936063528060913,0.868245661258698
Guatemala,GTM,Political Stability and Absence of Violence/Terrorism: Estimate,PV.EST,-0.633820176124573,-0.674156248569489,-0.655563533306122,-0.655060231685638,-0.542592644691467,-0.650674939155579,-0.538353621959686,-0.573592245578766,-0.418793201446533,-0.392172634601593
Guinea,GIN,Political Stability and Absence of Violence/Terrorism: Estimate,PV.EST,-1.2870124578476,-1.22985172271729,-0.95524275302887,-0.386988341808319,-0.393874824047089,-0.700996875762939,-0.88408637046814,-0.843246161937714,-0.667339503765106,-0.970410823822021
Guinea-Bissau,GNB,Political Stability and Absence of Violence/Terrorism: Estimate,PV.EST,-0.965295851230621,-0.899927616119385,-0.706451654434204,-0.518216371536255,-0.44269385933876,-0.4986392557621,-0.685560166835785,-0.558011114597321,-0.734696805477142,-0.280239313840866
Guyana,GUY,Political Stability and Absence of Violence/Terrorism: Estimate,PV.EST,-0.499614059925079,-0.45660674571991,-0.136097595095634,-0.13965080678463,-0.0260626748204231,-0.0430738143622875,-0.187760606408119,-0.246419206261635,-0.13620813190937,-0.143802285194397
Haiti,HTI,Political Stability and Absence of Violence/Terrorism: Estimate,PV.EST,-0.78809267282486,-0.631015360355377,-0.643627285957336,-0.670838177204132,-0.743788063526154,-0.674481213092804,-0.639761328697205,-0.891515016555786,-1.03182148933411,-1.09535050392151
Honduras,HND,Political Stability and Absence of Violence/Terrorism: Estimate,PV.EST,-0.350115597248077,-0.438611596822739,-0.534083962440491,-0.468914419412613,-0.433312118053436,-0.564918100833893,-0.53079754114151,-0.575151562690735,-0.468581646680832,-0.611998736858368
"Hong Kong SAR, China",HKG,Political Stability and Absence of Violence/Terrorism: Estimate,PV.EST,1.0062894821167,0.922868311405182,1.15322852134705,1.04629456996918,0.750807106494904,0.829483866691589,0.783555507659912,-0.222177982330322,0.092972032725811,0.261168509721756
Hungary,HUN,Political Stability and Absence of Violence/Terrorism: Estimate,PV.EST,0.675794780254364,0.796646118164063,0.669904828071594,0.746297717094421,0.654678642749786,0.806563019752502,0.747175931930542,0.772158086299896,0.843145310878754,0.861371755599976
Iceland,ISL,Political Stability and Absence of Violence/Terrorism: Estimate,PV.EST,1.24503207206726,1.28713369369507,1.24697458744049,1.30816447734833,1.36162388324738,1.34830904006958,1.40638983249664,1.63930094242096,1.38193428516388,1.37347543239594
India,IND,Political Stability and Absence of Violence/Terrorism: Estimate,PV.EST,-1.28930985927582,-1.22917413711548,-0.997911989688873,-0.948493361473084,-0.953839838504791,-0.764801919460297,-0.987013161182404,-0.770800411701202,-0.806701302528381,-0.615044951438904
Indonesia,IDN,Political Stability and Absence of Violence/Terrorism: Estimate,PV.EST,-0.593262791633606,-0.51926463842392,-0.416824042797089,-0.615060687065125,-0.372952431440353,-0.497903406620026,-0.545908093452454,-0.493404567241669,-0.448744028806686,-0.506472945213318
"Iran, Islamic Rep.",IRN,Political Stability and Absence of Violence/Terrorism: Estimate,PV.EST,-1.32392609119415,-1.24968659877777,-0.874987661838531,-0.92570173740387,-0.813075423240662,-0.934016048908234,-1.3479346036911,-1.70692205429077,-1.69702434539795,-1.62163186073303
Iraq,IRQ,Political Stability and Absence of Violence/Terrorism: Estimate,PV.EST,-1.93405020236969,-2.01139044761658,-2.48033785820007,-2.26035189628601,-2.31358766555786,-2.3071026802063,-2.52842211723328,-2.60378122329712,-2.46385145187378,-2.39699196815491
Ireland,IRL,Political Stability and Absence of Violence/Terrorism: Estimate,PV.EST,0.941072702407837,0.901075720787048,1.05299115180969,0.908455491065979,0.847818851470947,1.00243484973907,1.02111232280731,0.966389119625092,0.978661596775055,0.856822490692139
Israel,ISR,Political Stability and Absence of Violence/Terrorism: Estimate,PV.EST,-1.07890439033508,-1.10128474235535,-1.03973531723022,-1.09491276741028,-0.794536352157593,-0.887956023216248,-0.91167026758194,-0.793371558189392,-0.850372076034546,-1.06135106086731
Italy,ITA,Political Stability and Absence of Violence/Terrorism: Estimate,PV.EST,0.508217513561249,0.495499193668365,0.458165407180786,0.375919699668884,0.369415313005447,0.306821197271347,0.342383801937103,0.404385089874268,0.428431302309036,0.578433513641357
Jamaica,JAM,Political Stability and Absence of Violence/Terrorism: Estimate,PV.EST,0.12050811201334,0.182374373078346,0.0244925320148468,0.0964844822883606,0.307683944702148,0.309247434139252,0.432927042245865,0.397309541702271,0.257825642824173,0.223473608493805
Japan,JPN,Political Stability and Absence of Violence/Terrorism: Estimate,PV.EST,0.948442876338959,1.01914191246033,0.96859735250473,1.06512773036957,0.982944190502167,1.11216700077057,1.04907214641571,1.03184723854065,1.03950893878937,1.02734816074371
"Jersey, Channel Islands",JEY,Political Stability and Absence of Violence/Terrorism: Estimate,PV.EST,1.47613203525543,1.48505699634552,1.46495246887207,1.52961981296539,1.31866908073425,1.27387833595276,1.26478409767151,1.28069651126862,1.3312646150589,1.2856171131134
Jordan,JOR,Political Stability and Absence of Violence/Terrorism: Estimate,PV.EST,-0.523977637290955,-0.6063152551651,-0.540025532245636,-0.605778574943542,-0.492398381233215,-0.451625287532806,-0.388832628726959,-0.261968046426773,-0.274932473897934,-0.275730043649673
Kazakhstan,KAZ,Political Stability and Absence of Violence/Terrorism: Estimate,PV.EST,-0.408455014228821,-0.402473896741867,0.0360181555151939,-0.0350002832710743,0.00845747627317905,0.0288013126701117,-0.0452636443078518,-0.168488264083862,-0.256105691194534,-0.254261642694473
Kenya,KEN,Political Stability and Absence of Violence/Terrorism: Estimate,PV.EST,-1.32344126701355,-1.16693091392517,-1.28224718570709,-1.24440562725067,-1.3547910451889,-1.13192212581635,-1.18409061431885,-1.10175132751465,-1.00235593318939,-1.08966493606567
Kiribati,KIR,Political Stability and Absence of Violence/Terrorism: Estimate,PV.EST,1.29035115242004,1.28392601013184,0.801865816116333,0.843560576438904,0.873236060142517,0.881425619125366,1.02367472648621,1.12883257865906,1.09316122531891,1.1869592666626
"Korea, Dem. People's Rep.",PRK,Political Stability and Absence of Violence/Terrorism: Estimate,PV.EST,-0.0128763783723116,-0.441554099321365,-1.13474333286285,-1.153404712677,-0.680760681629181,-0.502160608768463,-0.347792953252792,-0.317571073770523,-0.414512872695923,-0.453303277492523
"Korea, Rep.",KOR,Political Stability and Absence of Violence/Terrorism: Estimate,PV.EST,0.267103314399719,0.278578639030457,0.108568802475929,0.16101410984993,0.163468956947327,0.385621011257172,0.637072741985321,0.551206409931183,0.566344141960144,0.66257119178772
Kosovo,XKX,Political Stability and Absence of Violence/Terrorism: Estimate,PV.EST,-1.0385023355484,-0.966146647930145,-0.340774536132813,-0.19935704767704,-0.282406955957413,-0.246099919080734,-0.673299014568329,-0.331690281629562,-0.260956257581711,-0.120379224419594
Kuwait,KWT,Political Stability and Absence of Violence/Terrorism: Estimate,PV.EST,0.203606218099594,0.166055589914322,0.149006545543671,-0.213420271873474,-0.0496831648051739,-0.0458654649555683,0.101598054170609,0.192640528082848,0.250931322574615,0.299016237258911
Kyrgyz Republic,KGZ,Political Stability and Absence of Violence/Terrorism: Estimate,PV.EST,-0.911251366138458,-0.911773800849915,-0.804615676403046,-0.882437944412231,-0.646861910820007,-0.375253021717072,-0.538867235183716,-0.241771638393402,-0.458461433649063,-0.425941467285156
Lao PDR,LAO,Political Stability and Absence of Violence/Terrorism: Estimate,PV.EST,0.0337390303611755,0.0674438998103142,0.498692989349365,0.541362047195435,0.532291293144226,0.396687716245651,0.408125370740891,0.51631486415863,0.678927659988403,0.726245760917664
Latvia,LVA,Political Stability and Absence of Violence/Terrorism: Estimate,PV.EST,0.453626722097397,0.593635261058807,0.487268358469009,0.443747222423553,0.479069232940674,0.462217092514038,0.407373458147049,0.443465203046799,0.474999397993088,0.687567293643951
Lebanon,LBN,Political Stability and Absence of Violence/Terrorism: Estimate,PV.EST,-1.66481232643127,-1.69035339355469,-1.69794130325317,-1.7025865316391,-1.61897265911102,-1.62756204605103,-1.62908542156219,-1.67252099514008,-1.61837947368622,-1.49348056316376
Lesotho,LSO,Political Stability and Absence of Violence/Terrorism: Estimate,PV.EST,0.274199098348618,0.338074296712875,-0.332812041044235,-0.308428764343262,-0.236465156078339,-0.186698511242867,-0.178593337535858,-0.421510428190231,-0.252464234828949,-0.219594419002533
Liberia,LBR,Political Stability and Absence of Violence/Terrorism: Estimate,PV.EST,-0.484476506710052,-0.475507080554962,-0.615449607372284,-0.818025708198547,-0.43740776181221,-0.333085030317307,-0.211711287498474,-0.331433713436127,-0.367163062095642,-0.241881981492043
Libya,LBY,Political Stability and Absence of Violence/Terrorism: Estimate,PV.EST,-1.5869597196579,-1.84407651424408,-2.35340714454651,-2.19662833213806,-2.28332996368408,-2.36222577095032,-2.44421720504761,-2.56807422637939,-2.46119570732117,-2.36690974235535
Liechtenstein,LIE,Political Stability and Absence of Violence/Terrorism: Estimate,PV.EST,1.38919961452484,1.39717161655426,1.45886182785034,1.45784044265747,1.47792685031891,1.48136341571808,1.47557401657104,1.61563575267792,1.6933718919754,1.63627457618713
Lithuania,LTU,Political Stability and Absence of Violence/Terrorism: Estimate,PV.EST,0.786209881305695,0.964532315731049,0.742136418819427,0.759793996810913,0.828279972076416,0.775797247886658,0.741042196750641,0.779812693595886,0.927757382392883,0.815429747104645
Luxembourg,LUX,Political Stability and Absence of Violence/Terrorism: Estimate,PV.EST,1.33191883563995,1.33524811267853,1.37832379341125,1.4393984079361,1.41948473453522,1.32601320743561,1.3626960515976,1.34919059276581,1.23069524765015,1.20638000965118
"Macao SAR, China",MAC,Political Stability and Absence of Violence/Terrorism: Estimate,PV.EST,0.62878555059433,0.757722914218903,1.20616853237152,1.20225644111633,1.41706156730652,1.4307359457016,1.25331318378448,1.2385231256485,1.15269887447357,1.04543924331665
Madagascar,MDG,Political Stability and Absence of Violence/Terrorism: Estimate,PV.EST,-0.536136984825134,-0.659993410110474,-0.557235836982727,-0.427362889051437,-0.290094614028931,-0.301281750202179,-0.57941871881485,-0.320696473121643,-0.529670298099518,-0.635925054550171
Malawi,MWI,Political Stability and Absence of Violence/Terrorism: Estimate,PV.EST,-0.00268616923131049,-0.20580980181694,0.0810932070016861,0.0318961441516876,-0.113478548824787,-0.251163989305496,-0.432380169630051,-0.280175387859344,-0.111645139753819,-0.112530209124088
Malaysia,MYS,Political Stability and Absence of Violence/Terrorism: Estimate,PV.EST,-0.00521240243688226,0.0517915934324265,0.266619145870209,0.25895756483078,0.136824622750282,0.116410344839096,0.251568764448166,0.143876805901527,0.113924153149128,0.138853475451469
Maldives,MDV,Political Stability and Absence of Violence/Terrorism: Estimate,PV.EST,-0.36517146229744,0.125037372112274,0.679096162319183,0.42067152261734,0.420992821455002,0.232041090726852,0.0897951424121857,0.032002180814743,0.387263983488083,0.502794146537781
Mali,MLI,Political Stability and Absence of Violence/Terrorism: Estimate,PV.EST,-2.03432869911194,-1.72216212749481,-1.71398878097534,-1.68566393852234,-1.61723256111145,-1.90690088272095,-2.08872318267822,-2.20110392570496,-2.13411045074463,-2.35243654251099
Malta,MLT,Political Stability and Absence of Violence/Terrorism: Estimate,PV.EST,1.06507515907288,1.04275786876678,1.12549698352814,1.0639386177063,1.08044135570526,1.24940478801727,1.28397905826569,1.02458333969116,1.01423335075378,0.972675502300262
Marshall Islands,MHL,Political Stability and Absence of Violence/Terrorism: Estimate,PV.EST,1.02640020847321,1.054114818573,0.989585757255554,0.919473767280579,0.207749217748642,0.874548256397247,0.729669451713562,0.755261957645416,0.630994617938995,0.610991179943085
Martinique,MTQ,Political Stability and Absence of Violence/Terrorism: Estimate,PV.EST,0.581581711769104,0.62666791677475,0.913897812366486,0.983049035072327,0.999670088291168,1.00191104412079,0.9761723279953,0.773293197154999,0.630425751209259,0.663221478462219
Mauritania,MRT,Political Stability and Absence of Violence/Terrorism: Estimate,PV.EST,-1.13399171829224,-1.01476144790649,-0.589508354663849,-0.637801229953766,-0.746967673301697,-0.626936256885529,-0.62922590970993,-0.568760573863983,-0.720177471637726,-0.670254647731781
Mauritius,MUS,Political Stability and Absence of Violence/Terrorism: Estimate,PV.EST,0.971312403678894,0.94480174779892,0.667965948581696,0.998615384101868,1.01318693161011,0.97113037109375,0.868699967861176,0.809275507926941,0.882638096809387,0.855809509754181
Mexico,MEX,Political Stability and Absence of Violence/Terrorism: Estimate,PV.EST,-0.662454187870026,-0.714223802089691,-0.853918790817261,-0.798699080944061,-0.62906938791275,-0.797446548938751,-0.648208022117615,-0.836903512477875,-0.85638153553009,-0.636740207672119
"Micronesia, Fed. Sts.",FSM,Political Stability and Absence of Violence/Terrorism: Estimate,PV.EST,1.15086984634399,1.102858543396,0.984550714492798,1.03515410423279,1.05758213996887,1.17878246307373,1.16887509822845,1.10884475708008,1.07904148101807,1.10835635662079
Moldova,MDA,Political Stability and Absence of Violence/Terrorism: Estimate,PV.EST,0.0464904792606831,0.000808572047390044,-0.158987760543823,-0.327440172433853,-0.303559929132462,-0.318989366292953,-0.404481559991837,-0.393239885568619,-0.348765283823013,-0.205520451068878
Monaco,MCO,Political Stability and Absence of Violence/Terrorism: Estimate,PV.EST,1.04816234111786,1.05624389648438,1.02334785461426,0.991801857948303,1.01457667350769,1.63033843040466,1.60801720619202,1.57936954498291,0.892201483249664,0.906690120697021
Mongolia,MNG,Political Stability and Absence of Violence/Terrorism: Estimate,PV.EST,0.471134811639786,0.491320788860321,0.791901171207428,0.71638435125351,0.797792851924896,0.788985788822174,0.83368456363678,0.634378731250763,0.721719682216644,0.654301583766937
Montenegro,MNE,Political Stability and Absence of Violence/Terrorism: Estimate,PV.EST,0.596563041210175,0.504595458507538,0.219455271959305,0.140797719359398,0.276630640029907,-0.0577443018555641,0.044278472661972,0.0676735788583755,-0.0595542229712009,-0.148919776082039
Morocco,MAR,Political Stability and Absence of Violence/Terrorism: Estimate,PV.EST,-0.470458775758743,-0.493017613887787,-0.446265608072281,-0.341487407684326,-0.312573462724686,-0.373987466096878,-0.345210611820221,-0.339893311262131,-0.353218376636505,-0.396076440811157
Mozambique,MOZ,Political Stability and Absence of Violence/Terrorism: Estimate,PV.EST,0.39049369096756,-0.226966470479965,-0.336002737283707,-0.513895094394684,-1.09400451183319,-0.928656160831451,-0.824564099311829,-0.749242007732391,-1.29775154590607,-1.22818863391876
Myanmar,MMR,Political Stability and Absence of Violence/Terrorism: Estimate,PV.EST,-0.943674981594086,-1.14037239551544,-1.08758068084717,-1.16506671905518,-0.804619908332825,-1.08483910560608,-1.26885271072388,-1.32806718349457,-1.51233565807343,-2.06575703620911
Namibia,NAM,Political Stability and Absence of Violence/Terrorism: Estimate,PV.EST,0.978104293346405,0.958809971809387,0.608740627765656,0.733112812042236,0.710089683532715,0.62835156917572,0.691502392292023,0.529649496078491,0.529492318630219,0.547819197177887
Nauru,NRU,Political Stability and Absence of Violence/Terrorism: Estimate,PV.EST,1.02640020847321,1.054114818573,0.601334393024445,0.543760240077972,0.579077243804932,0.518839776515961,0.78762149810791,0.772843241691589,0.962256371974945,0.808413982391357
Nepal,NPL,Political Stability and Absence of Violence/Terrorism: Estimate,PV.EST,-1.38123226165771,-1.12914609909058,-0.724599540233612,-0.998334586620331,-0.846812009811401,-0.610694348812103,-0.561728775501251,-0.453802615404129,-0.195006310939789,-0.243006080389023
Netherlands,NLD,Political Stability and Absence of Violence/Terrorism: Estimate,PV.EST,1.18746471405029,1.14381539821625,1.04511535167694,0.926119327545166,0.912267506122589,0.921112537384033,0.854267239570618,0.847549617290497,0.859951734542847,0.915172874927521
Netherlands Antilles,ANT,Political Stability and Absence of Violence/Terrorism: Estimate,PV.EST,1.0782482624054,0.676403522491455,..,..,..,..,..,..,..,..
New Zealand,NZL,Political Stability and Absence of Violence/Terrorism: Estimate,PV.EST,1.36136555671692,1.45392656326294,1.46792757511139,1.5254533290863,1.51918339729309,1.59522306919098,1.53390526771545,1.41130232810974,1.49202156066895,1.43862354755402
Nicaragua,NIC,Political Stability and Absence of Violence/Terrorism: Estimate,PV.EST,-0.348777562379837,-0.249215871095657,-0.0407801233232021,-0.086607538163662,-0.0887977480888367,-0.0488942191004753,-0.95239245891571,-1.00479376316071,-0.602020740509033,-0.4671411216259
Niger,NER,Political Stability and Absence of Violence/Terrorism: Estimate,PV.EST,-1.14813089370728,-1.32179939746857,-1.17584049701691,-1.06654620170593,-1.10330700874329,-1.26576364040375,-1.3645578622818,-1.4100866317749,-1.6578882932663,-1.61629951000214
Nigeria,NGA,Political Stability and Absence of Violence/Terrorism: Estimate,PV.EST,-2.04207372665405,-2.08847832679749,-2.1302764415741,-1.92544281482697,-1.87770986557007,-1.99915504455566,-2.10182309150696,-1.92018330097198,-1.87046504020691,-1.77930319309235
Niue,NIU,Political Stability and Absence of Violence/Terrorism: Estimate,PV.EST,..,..,..,..,..,..,0.989169538021088,1.32690060138702,1.36199462413788,1.185302734375
North Macedonia,MKD,Political Stability and Absence of Violence/Terrorism: Estimate,PV.EST,-0.492649525403976,-0.416076391935349,0.256382942199707,-0.287016063928604,-0.351204663515091,-0.254332393407822,-0.208728834986687,0.00435633724555373,0.108251318335533,0.124911822378635
Norway,NOR,Political Stability and Absence of Violence/Terrorism: Estimate,PV.EST,1.32746982574463,1.3520919084549,1.11995851993561,1.16171610355377,1.2000744342804,1.17047870159149,1.14117860794067,1.17056477069855,1.24627983570099,1.10374522209167
Oman,OMN,Political Stability and Absence of Violence/Terrorism: Estimate,PV.EST,0.462077081203461,0.459530204534531,0.734907329082489,0.78333979845047,0.760053038597107,0.754382252693176,0.647719919681549,0.587534427642822,0.426988631486893,0.506666421890259
Pakistan,PAK,Political Stability and Absence of Violence/Terrorism: Estimate,PV.EST,-2.67700362205505,-2.60330200195313,-2.40127921104431,-2.48270797729492,-2.48317313194275,-2.40630578994751,-2.26940131187439,-2.26518702507019,-1.78547716140747,-1.66677892208099
Palau,PLW,Political Stability and Absence of Violence/Terrorism: Estimate,PV.EST,1.02640020847321,1.054114818573,0.989585757255554,0.919473767280579,0.950405359268188,0.874548256397247,0.849807500839233,0.8770632147789,0.930964529514313,0.950392365455627
Panama,PAN,Political Stability and Absence of Violence/Terrorism: Estimate,PV.EST,-0.179432675242424,-0.141260921955109,0.209008201956749,0.386077255010605,0.411430060863495,0.389816969633102,0.260900378227234,0.303619921207428,0.240987226366997,0.285786390304565
Papua New Guinea,PNG,Political Stability and Absence of Violence/Terrorism: Estimate,PV.EST,-0.590442359447479,-0.520246863365173,-0.339367091655731,-0.422148317098618,-0.504772067070007,-0.697866559028625,-0.677217662334442,-0.697371006011963,-0.702757477760315,-0.581851005554199
Paraguay,PRY,Political Stability and Absence of Violence/Terrorism: Estimate,PV.EST,-0.871902167797089,-0.735861599445343,-0.0886275097727776,0.0384980216622353,0.141789719462395,0.00177098473068327,-0.0797712132334709,-0.0103485211730003,0.0210527591407299,-0.00298743811435997
Peru,PER,Political Stability and Absence of Violence/Terrorism: Estimate,PV.EST,-0.907364726066589,-0.805739760398865,-0.550656914710999,-0.397571414709091,-0.201726943254471,-0.259545832872391,-0.270443350076675,-0.152364984154701,-0.355914145708084,-0.405972540378571
Philippines,PHL,Political Stability and Absence of Violence/Terrorism: Estimate,PV.EST,-1.18824028968811,-1.08425319194794,-0.713820934295654,-0.85566246509552,-1.37981879711151,-1.1850802898407,-1.09206163883209,-0.915112435817719,-0.753126084804535,-0.928916990756989
Poland,POL,Political Stability and Absence of Violence/Terrorism: Estimate,PV.EST,1.04947865009308,0.973354995250702,0.842940807342529,0.874852359294891,0.50724196434021,0.518378257751465,0.492541551589966,0.563653528690338,0.51610541343689,0.512429654598236
Portugal,PRT,Political Stability and Absence of Violence/Terrorism: Estimate,PV.EST,0.775272607803345,0.74876344203949,0.8062744140625,0.917840123176575,0.974051415920258,1.11858701705933,1.12928450107574,1.0662305355072,1.02168917655945,0.952885866165161
Puerto Rico,PRI,Political Stability and Absence of Violence/Terrorism: Estimate,PV.EST,0.584973394870758,0.249155893921852,0.819992661476135,0.855120778083801,0.689354002475739,0.484735250473022,0.277776479721069,0.138034492731094,0.440158009529114,0.514221847057343
Qatar,QAT,Political Stability and Absence of Violence/Terrorism: Estimate,PV.EST,1.22359883785248,1.21254646778107,0.977457761764526,0.996630370616913,0.900234639644623,0.661161243915558,0.663570702075958,0.700104176998138,0.686410009860992,0.95788049697876
Reunion,REU,Political Stability and Absence of Violence/Terrorism: Estimate,PV.EST,0.431884825229645,0.423821240663528,0.257044076919556,0.285934329032898,0.316858261823654,0.319893389940262,0.259677052497864,0.239086300134659,0.228114411234856,0.258320719003677
Romania,ROU,Political Stability and Absence of Violence/Terrorism: Estimate,PV.EST,0.0823415592312813,0.179133072495461,0.0491361282765865,0.189114436507225,0.277196615934372,0.056402251124382,0.0468847751617432,0.561702191829681,0.531862139701843,0.533032238483429
Russian Federation,RUS,Political Stability and Absence of Violence/Terrorism: Estimate,PV.EST,-0.817712664604187,-0.736093640327454,-0.943617463111877,-1.02933514118195,-0.946210265159607,-0.640630483627319,-0.541188955307007,-0.557384431362152,-0.683706700801849,-0.645444393157959
Rwanda,RWA,Political Stability and Absence of Violence/Terrorism: Estimate,PV.EST,-0.230615198612213,-0.110951617360115,-0.313469648361206,0.0132411494851112,-0.0548992827534676,0.0880957543849945,0.110401339828968,0.0642396807670593,0.0832765996456146,0.170438632369041
Samoa,WSM,Political Stability and Absence of Violence/Terrorism: Estimate,PV.EST,0.999240159988403,0.989007890224457,1.1219048500061,1.18397390842438,1.19734942913055,1.17878246307373,1.16780376434326,1.15778851509094,1.15716016292572,1.10991764068604
San Marino,SMR,Political Stability and Absence of Violence/Terrorism: Estimate,PV.EST,1.02640020847321,1.054114818573,0.989585757255554,0.919473767280579,0.950405359268188,0.874548256397247,0.849807500839233,0.898447453975677,0.892201483249664,0.906690120697021
Sao Tome and Principe,STP,Political Stability and Absence of Violence/Terrorism: Estimate,PV.EST,0.0133354179561138,0.111840724945068,0.18418300151825,0.144042566418648,0.223286852240562,0.186047121882439,0.522385001182556,0.513909995555878,0.501609563827515,0.597510635852814
Saudi Arabia,SAU,Political Stability and Absence of Violence/Terrorism: Estimate,PV.EST,-0.480688244104385,-0.431784123182297,-0.285844653844833,-0.626398980617523,-0.464828491210938,-0.637824892997742,-0.622406601905823,-0.60589075088501,-0.617465674877167,-0.583859264850616
Senegal,SEN,Political Stability and Absence of Violence/Terrorism: Estimate,PV.EST,-0.108322031795979,-0.0607228353619576,-0.198223099112511,-0.116664804518223,-0.218255326151848,-0.050536822527647,-0.101474031805992,0.0465478301048279,-0.139079079031944,-0.169552102684975
Serbia,SRB,Political Stability and Absence of Violence/Terrorism: Estimate,PV.EST,-0.217299461364746,-0.0756380930542946,0.184110775589943,0.238982021808624,0.140153616666794,0.0868553817272186,0.00895112380385399,-0.0659501180052757,-0.163741484284401,-0.134225636720657
Seychelles,SYC,Political Stability and Absence of Violence/Terrorism: Estimate,PV.EST,0.744266331195831,0.825588941574097,0.361632436513901,0.688779771327972,0.733004510402679,0.793362498283386,0.687558054924011,0.682731926441193,0.728249847888947,0.761109173297882
Sierra Leone,SLE,Political Stability and Absence of Violence/Terrorism: Estimate,PV.EST,-0.279945284128189,-0.174718275666237,-0.104039676487446,-0.102516762912273,-0.15992645919323,-0.0358611531555653,-0.0852979496121407,-0.0528448447585106,-0.29902982711792,-0.164547756314278
Singapore,SGP,Political Stability and Absence of Violence/Terrorism: Estimate,PV.EST,1.36817455291748,1.378178358078,1.18627142906189,1.3117527961731,1.49575865268707,1.61566996574402,1.48793649673462,1.50078642368317,1.46085929870605,1.49318969249725
Slovak Republic,SVK,Political Stability and Absence of Violence/Terrorism: Estimate,PV.EST,1.08840095996857,1.11951816082001,1.03912115097046,0.874545216560364,0.721170663833618,0.909989416599274,0.743443489074707,0.667157709598541,0.632325232028961,0.559577465057373
Slovenia,SVN,Political Stability and Absence of Violence/Terrorism: Estimate,PV.EST,0.935110688209534,0.882251679897308,0.965773403644562,0.953392744064331,0.990436017513275,0.873399794101715,0.901137113571167,0.807429194450378,0.710935533046722,0.760043501853943
Solomon Islands,SLB,Political Stability and Absence of Violence/Terrorism: Estimate,PV.EST,0.187316343188286,0.300382703542709,0.470224827528,0.660984754562378,0.506028413772583,0.199040696024895,0.364527314901352,0.508222222328186,0.63662576675415,0.490975320339203
Somalia,SOM,Political Stability and Absence of Violence/Terrorism: Estimate,PV.EST,-2.860755443573,-2.75868654251099,-2.51582813262939,-2.38082790374756,-2.3573625087738,-2.25904226303101,-2.26030468940735,-2.38664531707764,-2.5769681930542,-2.68323922157288
South Africa,ZAF,Political Stability and Absence of Violence/Terrorism: Estimate,PV.EST,-0.0253867004066706,-0.0462945364415646,-0.146388962864876,-0.212992936372757,-0.141503989696503,-0.277561664581299,-0.22777932882309,-0.267670422792435,-0.240824580192566,-0.706576824188232
South Sudan,SSD,Political Stability and Absence of Violence/Terrorism: Estimate,PV.EST,-1.15658330917358,-1.73032867908478,-2.64657664299011,-2.3756890296936,-2.41896557807922,-2.45247220993042,-2.44285416603088,-2.51194834709167,-2.21362662315369,-2.30244493484497
Spain,ESP,Political Stability and Absence of Violence/Terrorism: Estimate,PV.EST,-0.0295164491981268,0.0120177594944835,0.243121743202209,0.251491189002991,0.413188278675079,0.282884180545807,0.287804037332535,0.310685813426971,0.437478542327881,0.579050898551941
Sri Lanka,LKA,Political Stability and Absence of Violence/Terrorism: Estimate,PV.EST,-0.717079222202301,-0.612895429134369,-0.330464035272598,0.0903681144118309,-0.00402953522279859,-0.0711655467748642,-0.145270884037018,-0.217622801661491,-0.0848737210035324,-0.317933022975922
St. Kitts and Nevis,KNA,Political Stability and Absence of Violence/Terrorism: Estimate,PV.EST,0.975788056850433,0.958863377571106,0.572488188743591,0.582326352596283,0.626330733299255,0.647076666355133,0.69623851776123,0.72392463684082,0.94066995382309,0.955552101135254
St. Lucia,LCA,Political Stability and Absence of Violence/Terrorism: Estimate,PV.EST,0.893705666065216,0.85335773229599,0.816450417041779,0.853690803050995,1.01893246173859,0.989434838294983,1.00689482688904,0.913268566131592,0.865856766700745,0.853992938995361
St. Vincent and the Grenadines,VCT,Political Stability and Absence of Violence/Terrorism: Estimate,PV.EST,0.928883850574493,0.85335773229599,0.816450417041779,1.00472450256348,1.01893246173859,0.888466477394104,0.840856850147247,0.953555166721344,1.03756523132324,1.04173004627228
Sudan,SDN,Political Stability and Absence of Violence/Terrorism: Estimate,PV.EST,-2.26056337356567,-2.19300961494446,-2.36308455467224,-2.16218328475952,-2.33721804618835,-1.97747027873993,-1.82343685626984,-1.70178663730621,-1.66359460353851,-1.93503510951996
Suriname,SUR,Political Stability and Absence of Violence/Terrorism: Estimate,PV.EST,0.0793254524469376,0.132779225707054,0.249270841479301,0.256688296794891,0.162081345915794,0.126681312918663,0.0650854334235191,0.101494126021862,0.423546940088272,0.374922007322311
Sweden,SWE,Political Stability and Absence of Violence/Terrorism: Estimate,PV.EST,1.17059719562531,1.12777805328369,1.06541478633881,0.947106420993805,1.0179408788681,0.984416782855988,0.940556704998016,1.03947269916534,1.02638030052185,1.03403544425964
Switzerland,CHE,Political Stability and Absence of Violence/Terrorism: Estimate,PV.EST,1.41833603382111,1.4011402130127,1.40265262126923,1.33935904502869,1.3062903881073,1.25680530071259,1.33355343341827,1.32495296001434,1.19166111946106,1.13144516944885
Syrian Arab Republic,SYR,Political Stability and Absence of Violence/Terrorism: Estimate,PV.EST,-2.68227386474609,-2.68114280700684,-2.74882411956787,-2.97408103942871,-2.91632318496704,-2.62081909179688,-2.74368667602539,-2.72988080978394,-2.70813798904419,-2.66344451904297
"Taiwan, China",TWN,Political Stability and Absence of Violence/Terrorism: Estimate,PV.EST,0.891384780406952,0.873134315013886,0.76641309261322,0.920499682426453,0.92566442489624,0.864721536636353,0.846277058124542,0.788458943367004,0.774144053459167,0.780216455459595
Tajikistan,TJK,Political Stability and Absence of Violence/Terrorism: Estimate,PV.EST,-1.24085974693298,-1.18237400054932,-0.69334077835083,-0.882642269134521,-0.777759850025177,-0.673529148101807,-0.747465431690216,-0.520874679088593,-0.506825923919678,-0.607831001281738
Tanzania,TZA,Political Stability and Absence of Violence/Terrorism: Estimate,PV.EST,0.0514542907476425,-0.162120848894119,-0.597118556499481,-0.416194349527359,-0.440994799137115,-0.561928689479828,-0.570935010910034,-0.373524188995361,-0.466188371181488,-0.436965554952621
Thailand,THA,Political Stability and Absence of Violence/Terrorism: Estimate,PV.EST,-1.21663069725037,-1.31168270111084,-0.906386315822601,-0.994429290294647,-0.988581418991089,-0.752844870090485,-0.79967188835144,-0.483683407306671,-0.575292408466339,-0.545783877372742
Timor-Leste,TLS,Political Stability and Absence of Violence/Terrorism: Estimate,PV.EST,-0.284831136465073,-0.384680241346359,-0.179694876074791,-0.271886348724365,-0.0105037782341242,0.0715113431215286,0.234089255332947,0.233639791607857,0.17921544611454,0.172169834375381
Togo,TGO,Political Stability and Absence of Violence/Terrorism: Estimate,PV.EST,-0.386457771062851,-0.353710830211639,-0.16712686419487,-0.231348052620888,-0.172353580594063,-0.882035970687866,-0.893912494182587,-0.919564306735992,-0.916574239730835,-0.801819801330566
Tonga,TON,Political Stability and Absence of Violence/Terrorism: Estimate,PV.EST,0.894514441490173,0.935446381568909,0.847196459770203,0.886334359645844,0.917814970016479,0.790295600891113,0.865186154842377,1.03230690956116,1.02509188652039,1.07410168647766
Trinidad and Tobago,TTO,Political Stability and Absence of Violence/Terrorism: Estimate,PV.EST,0.104277603328228,0.0936860963702202,0.247864335775375,0.286114305257797,0.286351978778839,0.276504427194595,0.237681373953819,0.100833661854267,0.121581450104713,0.154863178730011
Tunisia,TUN,Political Stability and Absence of Violence/Terrorism: Estimate,PV.EST,-0.721316933631897,-0.902563273906708,-0.851661503314972,-0.960387229919434,-1.14132678508759,-1.02468180656433,-0.868881702423096,-0.869923055171967,-0.580146014690399,-0.695751190185547
Turkiye,TUR,Political Stability and Absence of Violence/Terrorism: Estimate,PV.EST,-1.22053194046021,-1.24993252754211,-1.08603596687317,-1.49391400814056,-2.00906300544739,-1.78851389884949,-1.31889343261719,-1.37172758579254,-1.13689529895782,-1.09809398651123
Turkmenistan,TKM,Political Stability and Absence of Violence/Terrorism: Estimate,PV.EST,0.428087890148163,0.249095499515533,0.0742060318589211,-0.0877988636493683,-0.189692512154579,-0.125902339816093,-0.0128365503624082,-0.185278385877609,-0.200595751404762,-0.319024950265884
Tuvalu,TUV,Political Stability and Absence of Violence/Terrorism: Estimate,PV.EST,1.29035115242004,1.28392601013184,1.29932725429535,1.39128828048706,1.41341936588287,1.2417209148407,1.41762721538544,1.1969165802002,1.18814659118652,1.28389930725098
Uganda,UGA,Political Stability and Absence of Violence/Terrorism: Estimate,PV.EST,-0.868966519832611,-0.838690638542175,-0.9411261677742,-0.80450165271759,-0.715322732925415,-0.571629285812378,-0.702562272548676,-0.691217362880707,-0.809593379497528,-0.859658300876617
Ukraine,UKR,Political Stability and Absence of Violence/Terrorism: Estimate,PV.EST,-0.0922749042510986,-0.777284979820251,-2.02083349227905,-1.96180009841919,-1.85647988319397,-1.87053751945496,-1.86973738670349,-1.42357587814331,-1.13799655437469,-1.09881889820099
United Arab Emirates,ARE,Political Stability and Absence of Violence/Terrorism: Estimate,PV.EST,0.863251447677612,0.894792199134827,0.7689089179039,0.759545385837555,0.56474894285202,0.618641376495361,0.704976201057434,0.685608506202698,0.620475769042969,0.649299502372742
United Kingdom,GBR,Political Stability and Absence of Violence/Terrorism: Estimate,PV.EST,0.40227073431015,0.48620143532753,0.415347635746002,0.517747938632965,0.360454052686691,0.386157870292664,0.0797424763441086,0.539731860160828,0.491468995809555,0.542117476463318
United States,USA,Political Stability and Absence of Violence/Terrorism: Estimate,PV.EST,0.632442116737366,0.643072605133057,0.582419633865356,0.678062379360199,0.402302891016006,0.291817456483841,0.421417832374573,0.134975299239159,0.0334379859268665,0.00495432410389185
Uruguay,URY,Political Stability and Absence of Violence/Terrorism: Estimate,PV.EST,0.709167778491974,0.804738223552704,0.99187958240509,1.0042382478714,1.06258046627045,1.05078029632568,1.03495681285858,1.03887915611267,1.05287063121796,1.04631066322327
Uzbekistan,UZB,Political Stability and Absence of Violence/Terrorism: Estimate,PV.EST,-0.518739342689514,-0.536078989505768,-0.273108631372452,-0.373036414384842,-0.272570699453354,-0.237850487232208,-0.295807242393494,-0.284819692373276,-0.429463803768158,-0.23979763686657
Vanuatu,VUT,Political Stability and Absence of Violence/Terrorism: Estimate,PV.EST,1.20170080661774,1.1603866815567,0.636045277118683,0.478408932685852,0.513113915920258,0.7012779712677,0.940486490726471,1.02192413806915,0.91286963224411,0.79127311706543
"Venezuela, RB",VEN,Political Stability and Absence of Violence/Terrorism: Estimate,PV.EST,-1.02713263034821,-1.07763242721558,-0.852002203464508,-0.977180898189545,-1.02460360527039,-1.27208209037781,-1.35114586353302,-1.53677773475647,-1.55017495155334,-1.52604830265045
Vietnam,VNM,Political Stability and Absence of Violence/Terrorism: Estimate,PV.EST,0.267358660697937,0.25057727098465,-0.0223473571240902,0.0699704885482788,0.233591929078102,0.230203792452812,0.05850875005126,0.0254955869168043,-0.0795725584030151,-0.114602096378803
Virgin Islands (U.S.),VIR,Political Stability and Absence of Violence/Terrorism: Estimate,PV.EST,0.67957615852356,0.846709191799164,1.16425490379333,1.249272108078,0.999670088291168,1.00191104412079,0.9761723279953,1.06507384777069,1.00745189189911,0.426804512739182
West Bank and Gaza,PSE,Political Stability and Absence of Violence/Terrorism: Estimate,PV.EST,-1.95603215694427,-1.77882349491119,-1.98501086235046,-2.16050219535828,-1.9763993024826,-1.65997684001923,-1.81633627414703,-1.89528954029083,-2.00730156898499,-1.83926546573639
"Yemen, Rep.",YEM,Political Stability and Absence of Violence/Terrorism: Estimate,PV.EST,-2.43066310882568,-2.37482810020447,-2.66557502746582,-2.68022155761719,-2.79487657546997,-2.94244337081909,-3.0059061050415,-2.77083039283752,-2.65008354187012,-2.58803796768188
Zambia,ZMB,Political Stability and Absence of Violence/Terrorism: Estimate,PV.EST,0.660962522029877,0.435933291912079,0.156212016940117,0.151694864034653,0.142808049917221,0.14624334871769,0.0856043919920921,-0.113846860826015,-0.130103603005409,0.0602163672447205
Zimbabwe,ZWE,Political Stability and Absence of Violence/Terrorism: Estimate,PV.EST,-0.778662025928497,-0.665949761867523,-0.713570177555084,-0.618156313896179,-0.619937896728516,-0.70876932144165,-0.722773671150208,-0.959749400615692,-1.07214713096619,-1.02678310871124
,,,,,,,,,,,,,
,,,,,,,,,,,,,
,,,,,,,,,,,,,
Data from database: Worldwide Governance Indicators,,,,,,,,,,,,,
Last Updated: 09/23/2022,,,,,,,,,,,,,
